Site,CrawlName,CrawlEnable,Check
https://moeni.org/,,ani,
https://blacktoon138.com/,,captcha,
https://newtoki95.com,,captcha,
https://blacktoon.net,,captcha,
https://hodu235.com,,dynamic,
https://toonbook.net,,link site,
https://freewebtoon3.com/,,not connected,
https://dangtoon59.com/,,not connected,
https://adulti148.com/,,not connected,
https://webkorea-01.link,,not connected,
https://flix13.net,,중복,
https://metoon43.com,,not connected,
https://marumaru.cloud,,not connected,
https://kktoon13.com,,not connected,
https://toonps.com,,not connected,
https://tkr028.com,,not connected,
https://funbe.sbs,,not connected,
https://bam205co.com,,not connected,
https://freewebtoon1.com,,not connected,
https://wfwf150.com,,not connected,
https://ww1.weani.net,,not connected,
https://toon52.xyz,,not connected,
https://realtoon10.link,,not connected,
http://5rs-a36.com,,not connected,
https://suretoon21.com,,not connected,
http://landy.parklogic.com,,not connected,
https://www.startoon5.com,,not connected,
https://wtbox01.com/,,not connected,
https://ohli365.com/,,not connected,
https://dangtoon55.com/,,not connected,
https://ntoon59.com/,,not connected,
http://metoon.shop/?pid=ilbe1004,,not connected,
https://www.webtoon11.com/,,not connected,
https://wtw10.world,,not connected,
https://dokkaebi000.com/,,not connected,
https://mong-toon.com/,,not connected,
https://wtoon25.com/,,not connected,
https://metoon43.com/,,not connected,
http://www.spotv40.com/,,not webtoon,
https://sektoon11.org,,not webtoon,
https://manatoki95.net,,not webtoon,
https://mangacat4.net,,not webtoon,
https://hitomi.la,,not webtoon,
http://www.11toon4.com,,not webtoon,
http://www.11toon4.net/,,not webtoon,
https://marumaru227.com/,,not webtoon,
https://moviezota5.club/,,not webtoon,
https://nhentai.net/,,not webtoon,
https://www.luscious.net/hentai-manga/,,not webtoon,
https://mangazuki.co/,,not webtoon,
https://dogcow11.com/,,not webtoon,
https://hot-ani.xyz/,,not webtoon,
https://batoon01.xyz/bbs/board.php?bo_table=toon_c&amp;sca=001,,not webtoon,
https://sektoon15.org/,,not webtoon,
https://hentaifox.com/,,not webtoon,
https://e-hentai.org/,,not webtoon,
https://www.seoultoon-25.me/,,not webtoon,
https://funbe25.com/%EB%AC%B4%EB%A3%8C%EC%9B%B9%ED%88%B0,,not webtoon,
https://hentaifreak.org/,,not webtoon,
http://99ocn.com/,,not webtoon,
http://ww38.qfind.net,,not webtoon,
http://5rs-mt5.com/,5rs,o,△
http://toon123.com,toon,o,△
http://wtbox01.com,wbox,o,
https://agit117.com,agit,o,
https://buzztoon125.com/,buzz,o,
https://copytoon202.com/,copytoon,o,o
https://cuccitoon1.com,cucci,o,
https://cucktoon129.com,cucu,o,
https://toon123.com,,중복,
https://flix21.net,filx,o,
https://frtoon71.com,frt,o,o
https://fxfx98.com,fxfx,o,o
https://jamics.work,,중복,
https://gobotoon02.com,gobo,o,
https://hdhd104.net/,hdhd,o,
https://hobak101.com,hobak,o,
https://jamics.work/ ,jamics,o,rss
https://k1.kindtoon.com/,kind,o,
https://kktoon50.com/,kktoon,o,
https://major-toon.com,major,o,
https://mangatoon139.com,manga,o,
https://mkmk14.link,mkmk,o,
https://neonon1.com,neon,o,
https://realtoon180.link,real,o,
https://showme-34.com,showme,o,
https://lasttoon.com,,운영안함,
https://lasttoon.com/,,운영안함,
https://www.toomics.com,,정상,
https://webtoon.daum.net,,정상,
https://me.co.kr,,정상,
https://toptoon.com,,정상,
https://webtoon.kakao.com/,,정상,
https://www.lezhin.com,,정상,
https://www.lezhin.com/ ,,정상,
https://hdhd73.net,,중복,
https://www.race58.xyz,,중복,
https://k1.kindtoon.com,,중복,
https://copytoon142.com,,중복,o
https://fxfx67.com,,중복,
https://v2.toonthe.com,,중복,
https://toonsarang.buzz,,중복,
https://namedtoon58.com,,중복,
https://wtwt78.com,,중복,
https://zzolboo68.com,,중복,
https://buzztoon117.com,,중복,
https://tkor.fyi,,중복,
https://newtoon93.com/,,중복,
https://toonsarang27.com/,,중복,
https://toonkor.uno/%EB%AC%B4%EB%A3%8C%EC%9B%B9%ED%88%B0,,중복,
https://www.race46.xyz/,,중복,
https://hodu104.com/,,중복,
https://namedtoon13.com/,,중복,
https://wfwf54.com/,,중복,
http://www.11toon4.com/,,중복,
https://buzztoon112.com/,,중복,
https://bamtoki12.com/,,중복,
https://www.skytoon10.com/,,중복,
https://bosstoon12.com/,,중복,
https://blacktoon113.com/,,중복,
https://wfwf186.com,,중복,
https://hodu229.net,,중복,
https://bam234co.com,,중복,
https://newtoki118.com,,중복,
https://sektoon16.org,,중복,
https://copytoon234.com,,중복,
https://funbe.golf,,중복,
http://5rs-mt3.com,,중복,
https://namedtoon78.com,,중복,
https://marumaru228.com,,중복,
https://blacktoon131.com,,중복,
http://batoon01.xyz,,중복,
https://frtoon94.com,,중복,
https://buzztoon125.com,,중복,
https://zzolboo90.com,,중복,
https://metoon.co.kr,,중복,
https://dangtoon17.com,,중복,
https://ohli24.net,,중복,
https://www.skytoon16.com,,중복,
https://www.race65.xyz,,중복,
https://newtoon93.com,,중복,
https://www.coolani.net/,,중복,
https://ww1.weani.net/,,중복,
https://startoon08.com/,,중복,
https://suretoon21.com/,,중복,
https://toonflix1.com/,,중복,
https://tkr067.com,,중복,
https://wfwf184.com,,중복,
https://funbe.sale,,중복,
https://tkor.hair,,중복,
https://newtoki116.com,,중복,
https://bam232co.com,,중복,
https://hdhd101.net,,중복,
http://www.spotv40.com,,중복,
https://hodu227.net,,중복,
https://toonsarang26.com,,중복,
https://copytoon232.com,,중복,
http://blacktoon.cc,,중복,
https://marumaru226.com,,중복,
https://www.allnet13.net,,중복,
https://manatoki116.net,,중복,
https://fxfx96.com,,중복,
https://newtoon90.com,,중복,
https://wtwt109.com,,중복,
https://sektoon15.org,,중복,
https://cucktoon123.com,,중복,
https://buzztoon123.com,,중복,
https://zzolboo87.com,,중복,
https://frtoon91.com,,중복,
https://flix20.net,,중복,
https://hohotoon24.com,,중복,
https://mkmk13.link,,중복,
https://www.startoon6.com,,중복,
https://ani24do.com,,중복,
https://ktoon61.com,,중복,
https://manamoa53.net,,중복,
https://dgb-toon3.site,,중복,
https://ohli365.com,,중복,
https://hot-ani.xyz,,중복,
https://sure-02.link,,중복,
https://many36.com,,중복,
https://dangtoon56.com,,중복,
https://animart1.com,,중복,
https://adulti148.com,,중복,
https://www.ooani.com,,중복,
https://tkor.house/ ,,중복,
https://newtoki.com/ ,,중복,
https://blacktoon.com/ ,,중복,
https://frtoon.com/ ,,중복,
https://copytoon.com/ ,,중복,
https://wtwt.com/ ,,중복,
https://hodu.net/ ,,중복,
https://funbe.golf/ ,,중복,
https://fxfx.com/ ,,중복,
https://wfwf.com/ ,,중복,
https://hellven.net/ ,,중복,
https://sektoon.org/ ,,중복,
https://tkr.com/ ,,중복,
https://namedtoon.com/ ,,중복,o
https://www.race.xyz/ ,,중복,
https://newtoon.com/ ,,중복,o
https://zzolboo.com/ ,,중복,
https://toonsarang.com/ ,,중복,
https://major-toon.com/ ,,중복,
https://aniweek.com/ ,,중복,
https://mangacat.net/ ,,중복,
https://hdhd.net/ ,,중복,
https://moeni.org/ ,,중복,
https://buzztoon.com/ ,,중복,
https://hohotoon.com/ ,,중복,
https://www.tomatotoon.xyz/ ,,중복,
https://gobotoon.com/ ,,중복,
https://www.stoon.com/ ,,중복,
https://www.skytoon.com/ ,,중복,
https://mangatoon.com ,,중복,
https://yayaya.com/ ,,중복,
https://agit.com/ ,,중복,
https://anitrain.com/ ,,중복,
https://aniwolf.com/ ,,중복,
https://lasttoon.com/ ,,중복,
https://hitomi.la/ ,,중복,
https://nhentai.net/ ,,중복,
https://funitoon.com ,,중복,
https://babtoon.vip/ ,,중복,
https://www.ntoon.com/ ,,중복,
https://dgb-toon.site/ ,,중복,
https://rktoon.com/ ,,중복,
https://toon.xyz/ ,,중복,
https://manga.com/ ,,중복,
https://pingko.link/ ,,중복,
https://manapang.com/ ,,중복,
https://www.anibogo.com/ ,,중복,
http://batoon.xyz/ ,,중복,
https://gogotoon.com/ ,,중복,
https://manhwamoa.com/ ,,중복,
https://dangtoon.com/ ,,중복,
https://bookbook.today/ ,,중복,
https://www.it-flix.com/ ,,중복,
https://toonflix.com/ ,,중복,
https://freewebtoon.com/ ,,중복,
https://aptoon30.com/,,중복,
https://yatoon11.link/,,중복,
https://cucktoon120.com/,,중복,
https://yayaya120.com/,,중복,
https://mangatoon120.com/,,중복,
https://mkmk11.link/,,중복,
https://manatoki107.net/,,중복,
https://blacktoon114.com/,,중복,
https://www.webtoon11.me/,,중복,
http://batoon3.net/,,중복,
https://major-toon.com/,,중복,
https://www.laftel.net/,,중복,
https://bosstoon14.com/,,중복,
https://www.anibogo.com/,,중복,
https://newtoon81.com/,,중복,
https://protoon51.com/,,중복,
https://tkor.house/,,중복,
https://funbe.golf/,,중복,
https://mangacat.net/,,중복,
https://bam236co.com/,,중복,
https://blacktoon140.com/,,중복,
https://hodu231.net/,,중복,
https://www.it-flix.com/,,중복,
https://hodu215.net/,,중복,
https://www.startoon5.com/,,중복,
https://bam200co.com/,,중복,
https://copytoon.com/%EC%9B%B9%ED%88%B0,,중복,
https://toonsarang28.com/,,중복,
https://wfwf186.com/,,중복,
https://hodu229.net/,,중복,
https://namedtoon78.com/,,중복,
https://sektoon16.org/,,중복,
https://jmana1.jjmana.net/,,중복,
https://imax05.com/,,중복,
https://wtwt111.com/,,중복,
https://frtoon92.com/,,중복,
https://flix21.net/,,중복,
https://mkmk14.link/,,중복,
https://newtoki118.com/,,중복,
https://copytoon234.com/,,중복,
https://tkor.tips/,,중복,
http://www.11toon28.com/,,중복,
https://bufftoon.plaync.com/,,중복,
https://funbe.zone/,,중복,
https://buzztoon124.com/,,중복,
https://www.allnet13.net/,,중복,
https://hellven.net/,,중복,
https://hitomi.la/,,중복,
https://www.allnet14.net,,중복,
https://star-.link ,star,o,o
http://www.toon123.net,,중복,
https://stoon1.com,stoon,o,
http://www.11toon25.com,,not webtoon,
https://www.laftel.net,,not webtoon,
https://mangacat3.net,,not webtoon,
https://www.it-flix.com,,not connected,
https://www.anytoon.co.kr,,정상,
https://www.gogotoon.net,,정상,
https://sure-.link ,sure,o,o
https://tkor.house,toonkor,o,o
https://manatoki118.net,,not webtoon,
https://tkr071.com/,tkr,o,
https://toonsarang28.com,toonsarang,o,o
https://v.toonthe.com/ ,toonthe,o,o
https://wtwt111.com,wtwt,o,o
https://rktoon10.com/,,not connected,
https://sharktoon31.com/,,not connected,
https://toontime57.com,,not connected,
https://www.ooani.com/,,not connected,
https://moeni.org,,not webtoon,
http://linetoon13.com,,not connected,
https://nabitoon3.link/,,not connected,
https://dgb-toon3.site/,,not webtoon,
https://animart1.com/,,not connected,
https://pingko22.link,,not connected,
https://freewebtoon3.com,,not connected,
https://bookbook.today,,not webtoon,
https://yatoon13.link,,not connected,
https://aptoon32.com,,not connected,
http://5rs-mt7.com,,중복,
https://aniweek.com,,not webtoon,
https://www.allall47.net,allall,o,
https://jmana1.jjmana.net,,not webtoon,
https://www.race58.xyz/,race,o,o
https://www.tomatotoon22.xyz,,완결웹툰,
https://hellven.net,,not webtoon,
https://aniwolf.com,,not webtoon,
https://imax05.com,,not connected,
https://super111.net,,not webtoon,
https://toon53.xyz,,not connected,
https://hiyobi.me,,not connected,
https://kktoon35.com,,not connected,
https://torrentnew.today,,not connected,
https://toonflix1.com,,not connected,
https://protoon51.com,,not connected,
https://ani-zoa.com,,not connected,
https://manhwamoa4.com,,not webtoon,
https://www.ani365.org,,not connected,
https://a01.ohli24.net,,중복,
https://www.ntoon59.com,,not connected,
https://eguru.tumblr.com,,not webtoon,
https://www.coolani.net,,not connected,
https://www.anibogo.com,,not connected,
http://redton54.com,,not connected,
https://bosstoon17.com,,not connected,
https://marumaru.com/ ,,중복,
https://flix.net/ ,,중복,
http://dogtoon.net ,,not connected,
https://bufftoon.plaync.com ,,정상,
https://bamco.com/ ,,not webtoon,
http://www.toon.net/ ,,not connected,
https://jmana.jjmana.net/ ,,not connected,
https://www.allnet.net/ ,,중복,
https://realtoon.link/ ,,not connected,
https://k.kindtoon.com/ ,,not connected,
https://manatoki.net/ ,,not webtoon,
https://toonbook.net/ ,,링크,
http://toon.com/ ,,not connected,
https://mkmk.link ,,중복,
https://www.skytoon1.com,skytoon,o,o
https://wtbox.com/ ,,중복,
https://www.webtoon.xyz/ ,,not webtoon,
https://hobak.com/ ,,not connected,
https://www.mrblue.com/ ,,정상,
https://cucktoon.com/ ,,not connected,
https://hentaifox.com/ ,,not webtoon,
https://cola.com ,,not webtoon,
https://week.com ,,not webtoon,
https://dulumali.com/ ,,not webtoon,
https://spdtoon.com ,,not connected,
https://hentailove.tv/ ,,not connected,
https://mtoon.com ,,not connected,
https://marveltoon.com/ ,,not connected,
https://rftoon.com/bbs/main.php?gid=g ,,not connected,
https://zzangtoon.com/%EC%B%B%ED%%B ,,not connected,
https://gakti.com/ ,,not connected,
http://rs-a.com/ ,,not webtoon,
https://x-toon.net/ ,,not connected,
http://xn--hzbnldfon.com ,,not connected,
https://black.com/ ,,not webtoon,
https://manamoa.net/ ,,not connected,
https://yatoon.link/ ,,not connected,
https://a.ohli.net/ ,,not connected,
https://adulti.com/ ,,not webtoon,
http://dokkaebi.info/ ,,not connected,
https://imax.com/ ,,not connected,
https://sugartoon.com/ ,,not connected,
https://nabitoon.com/ ,,not connected,
https://tooni.com// ,,not connected,
https://metoon.com/ ,,not connected,
http://santatoon.com ,,not connected,
http://menz.com/ ,,not connected,
https://www.chcomics.com/ ,,not connected,
https://hengbuu.com/ ,,not connected,
https://protoon.com/ ,,not connected,
https://toontime.com/ ,,not connected,
https://super.net/ ,,not connected,
https://ddoryno.com/ ,,not connected,
https://www.sharktoon.com/ ,,not webtoon,
http://redton.com// ,,not webtoon,
https://kktoon.com/ ,,not webtoon,
https://many.com/ ,,not webtoon,
https://www.ooani.com/ ,,not connected,
https://animart.com/ ,,not webtoon,
https://ktoon.com/ ,,not webtoon,
https://www.ani.org/ ,,not connected,
https://bosstoon.com/ ,,not connected,
https://showme-.com ,,not connected,
https://webkorea-.link/ ,,not connected,
https://wfcomic-.link/ ,,not connected,
https://toonps.com/ ,,not connected,
https://www.smtoon.com/ ,,not connected,
https://itoons.com/ ,,not webtoon,
https://aptoon.com/ ,,not connected,
https://park.link/ ,,not connected,
https://dangtoon57.com/,,not connected,
https://manapang9.com,,not connected,
https://manga20.com,,not connected,
https://startoon08.com,,not webtoon,
https://toonbook.net/,,not webtoon,
https://www.comica.com/,,정상,
http://www.comicgt.com/,,not connected,
https://www.realcomics.com/,,not connected,
https://webtoon.joara.com/,,정상,
https://www.bookcube.com/,,정상,
https://www.battlecomics.co.kr/,,정상,
https://openbook.kr/,,정상,
https://www.bomtoon.com/,,정상,
https://www.chuing.net/,,not webtoon,
https://www.spooncomics.com/,,정상,
https://jamics.work/,,중복,
https://many36.com/,,not connected,
https://www.toomics.com/,,정상,
https://bamtoki20.com/,,not connected,
http://xn--ob0bl4i87rq9b.xn--h32bi4v.xn--3e0b707e/,,not webtoon,
https://hobak100.com/,,not connected,
http://xn--365-4j9o.xn--h32bi4v.xn--3e0b707e/,,not webtoon,
https://apptoon12.com/,,not connected,
https://all-44.net/,,not connected,
https://zogae.net/,,not webtoon,
https://dogtoon.kr/%EC%9B%B9%ED%88%B0,,not connected,
http://bamddalgi01.com/WebToon/index.html,,not connected,
https://bam234co.com/,,not connected,
https://yayaya133.com,yaya,o,
https://marumaru228.com/,,not webtoon,
https://adulti138.com/,,not webtoon,
https://zzolboo88.com/,zzolboo,o,o
https://namedtoon78.com/,namedtoon,o,o
https://newtoon.org,nawtoon,o,o
https://hodu229.net/,hodu,o,
https://blacktoon140.com/,blacktoon,o,
https://hohotoon24.com/,hohotoon,o,
https://newtoki95.com,newtoki,o,
https://www.it-flix.com/,itflix,o,
