hosturl,webtoonName,crawltime,updatetime,episode,file_urls,extension
www.skytoon16.com,나 홀로 주문 사용자,2022-01-02 01:31:21,2022-01-02 01:31:21,75,https://www.toonimg.com/data/files/editor/202201/13812_367913_1_23bda674bc265984232fe5036c2a600d_1641052628057829100.png,png
www.skytoon16.com,무당기협,2022-01-02 01:31:21,2022-01-02 01:31:21,58,https://www.toonimg.com/data/files/editor/202201/13589_367914_1_05296fb8b2e5cccf6c3c3c37be9e8047_1641052696050008100.png,png
www.skytoon16.com,대마법사의 딸,2022-01-02 01:31:21,2022-01-02 01:31:21,110,https://www.toonimg.com/data/files/editor/202201/9674_367912_1_51d74e1f802e7ddfecf14c0e70e00ae8_1641052551065384700.png,png
www.skytoon16.com,폭군의 가정교사가 되겠습니다,2022-01-02 01:31:21,2022-01-02 01:31:21,57,https://www.toonimg.com/data/files/editor/202201/15785_367915_1_ef0b33a27476f555cece4a2a4c95c3c1_1641052759018519800.jpg,jpg
www.skytoon16.com,폭군의 필드,2022-01-02 01:31:21,2022-01-02 01:31:21,29,https://www.toonimg.com/data/files/editor/202201/17246_367916_1_6b76643a89ee1e5970b6a6f3e3cefd1d_1641052822073879600.jpg,jpg
www.skytoon16.com,신데렐라를 곱게 키웠습니다,2022-01-02 01:31:21,2022-01-02 01:31:21,53,https://www.toonimg.com/data/files/editor/202201/13649_367917_1_b9325aca8169f240c96b03ddf0160084_1641053081041066300.png,png
www.skytoon16.com,밥만 먹고 레벨업,2022-01-02 01:31:21,2022-01-02 01:31:21,94,https://www.toonimg.com/data/files/editor/202201/11595_367920_1_408ec638248a2f195ce34b14b1a47062_1641053271035269600.png,png
www.skytoon16.com,천재 의사 이무진,2022-01-02 01:31:21,2022-01-02 01:31:21,64,https://www.toonimg.com/data/files/editor/202201/14519_367919_1_faf52d9fec5879382f1f364023f691e2_1641053215001606500.png,png
www.skytoon16.com,왕녀는 미친 척을 한다,2022-01-02 01:31:21,2022-01-02 01:31:21,47,https://www.toonimg.com/data/files/editor/202201/15705_367921_1_60b0bb69c0888e47d842b58bafae9478_1641053341000568600.png,png
www.skytoon16.com,뜻대로 하세요,2022-01-02 01:31:21,2022-01-02 01:31:21,216,https://www.toonimg.com/data/files/editor/202201/6899_367924_1_2110abfa977fc95b41a7274563d374cf_1641053574048078200.png,png
www.skytoon16.com,나 혼자 만렙 귀환자,2022-01-02 01:31:21,2022-01-02 01:31:21,138,https://www.toonimg.com/data/files/editor/202201/13410_367922_1_0faf5b4bc6cc12d579441bb05769e61c_1641053393052602500.png,png
www.skytoon16.com,정령 농사꾼,2022-01-02 01:31:21,2022-01-02 01:31:21,79,https://www.toonimg.com/data/files/editor/202201/13238_367923_1_f81f01e74bf62cb35d619d878863a2b5_1641053507059672800.png,png
www.skytoon16.com,다행인지 불행인지,2022-01-02 01:31:21,2022-01-02 01:31:21,67,https://www.toonimg.com/data/files/editor/202201/13813_367925_1_b8bb5fcc6d98ce62e3afd9c72ef0e708_1641053645037702000.png,png
www.skytoon16.com,내 동생 건들면 너희는 다 죽은 목숨이다,2022-01-02 01:31:21,2022-01-02 01:31:21,45,https://www.toonimg.com/data/files/editor/202201/15788_367926_1_900577cc3e6000f97a3121262a989a22_1641053739099450200.png,png
www.skytoon16.com,요리사가 축복을 숨김,2022-01-02 01:31:21,2022-01-02 01:31:21,81,https://www.toonimg.com/data/files/editor/202201/12218_367927_1_cc06c0555b295954dc916822db3f0482_1641053811061445600.png,png
www.skytoon16.com,길들이는 공녀님,2022-01-02 01:31:21,2022-01-02 01:31:21,54,https://www.toonimg.com/data/files/editor/202201/15578_367928_1_d24a315724d3ad93bc01143e59a55c87_1641053883070229100.png,png
www.skytoon16.com,입학용병,2022-01-02 01:31:21,2022-01-02 01:31:21,62,https://www.toonimg.com/data/files/editor/202201/14029_367933_1_6546c3312ebe79fd046994fc05372a49_1641054318057430400.jpg,jpg
www.skytoon16.com,그 결혼 제가 할게요,2022-01-02 01:31:21,2022-01-02 01:31:21,90,https://www.toonimg.com/data/files/editor/202201/12069_367929_1_aba1feb17a75ef2af2c83ab35959dedf_1641053946055416400.png,png
www.skytoon16.com,하렘생존기,2022-01-02 01:31:21,2022-01-02 01:31:21,92,https://www.toonimg.com/data/files/editor/202201/10915_367930_1_ab45b96bc75c8a9f3cf72374ea84cefc_1641054040066142700.png,png
www.skytoon16.com,엘피스 전기:더 라스트,2022-01-02 01:31:21,2022-01-02 01:31:21,245,https://www.toonimg.com/data/files/editor/202201/6303_367939_1_469a7f4571c9908cf64ea6ce9ea90a53_1641054653039476700.jpg,jpg
www.skytoon16.com,"곱게 키웠더니, 짐승",2022-01-02 01:31:21,2022-01-02 01:31:21,59,https://www.toonimg.com/data/files/editor/202201/14219_367934_1_c445bf9541e569736af1040bef48fde2_1641054398084909500.jpg,jpg
www.skytoon16.com,나만 보여!,2022-01-02 01:31:21,2022-01-02 01:31:21,53,https://www.toonimg.com/data/files/editor/202201/16334_367936_1_7b6f57ce01a0001ebb54c54cad99a384_1641054527052485700.jpg,jpg
www.skytoon16.com,언데드킹,2022-01-02 01:31:21,2022-01-02 01:31:21,362,https://www.toonimg.com/data/files/editor/202201/2125_367937_1_82388322da6c89c5111f9faa445728dd_1641054560079482200.png,png
www.skytoon16.com,엽총소년,2022-01-02 01:32:36,2022-01-02 01:32:36,46,https://www.toonimg.com/data/files/editor/202152/14845_367879_1_71074b38776146e8d501b5fbdfffbb80_1641048456002482000.jpg,jpg
www.skytoon16.com,달콤살벌한 부부,2022-01-02 01:32:36,2022-01-02 01:32:36,69,https://www.toonimg.com/data/files/editor/202152/14359_367880_1_01e3bd2480946baf3fd5f72d5e351a86_1641048741023498400.jpg,jpg
www.skytoon16.com,오파츠,2022-01-02 01:32:36,2022-01-02 01:32:36,91,https://www.toonimg.com/data/files/editor/202152/12589_367881_1_61d80ae885d585fb2e2a141162370306_1641048906065747500.jpg,jpg
www.skytoon16.com,견우와 선녀,2022-01-02 01:32:36,2022-01-02 01:32:36,73,https://www.toonimg.com/data/files/editor/202201/12013_367882_1_28011a656df897a8f48ece9a589a37e5_1641049504085827300.jpg,jpg
www.skytoon16.com,오늘의 포도알,2022-01-02 01:32:36,2022-01-02 01:32:36,62,https://www.toonimg.com/data/files/editor/202201/16154_367886_1_d7dc138e4356c221a40b5d89be619261_1641050421031235300.jpg,jpg
www.skytoon16.com,대귀갑사,2022-01-02 01:32:36,2022-01-02 01:32:36,133,https://www.toonimg.com/data/files/editor/202201/7459_367890_1_bb63f7af2a22253c86bca617fbd947ac_1641050645098588900.jpg,jpg
www.skytoon16.com,신조협려,2022-01-02 01:32:36,2022-01-02 01:32:36,38,https://www.toonimg.com/data/files/editor/202201/17305_367892_1_02de13e7c6f308a4c445b5aa354e202a_1641050715066025600.jpg,jpg
www.skytoon16.com,로스타임 인 유럽,2022-01-02 01:32:36,2022-01-02 01:32:36,126,https://www.toonimg.com/data/files/editor/202201/266_367893_1_3f6baa3e9fc3905fcbf53c0845855982_1641050742022359100.jpg,jpg
www.skytoon16.com,데스노트 컬러판,2022-01-02 01:32:36,2022-01-02 01:32:36,36,https://www.toonimg.com/data/files/editor/202201/16574_367895_1_d17114cc5cf3e2a1a6532fe6476145a2_1641050892086680900.jpg,jpg
www.skytoon16.com,끝이 아닌 시작,2022-01-02 01:32:36,2022-01-02 01:32:36,127,https://www.toonimg.com/data/files/editor/202201/9619_367897_1_964a6ec75240ca9c8a3bb493564bd70c_1641051275007319700.jpg,jpg
www.skytoon16.com,어떤 계모님의 메르헨,2022-01-02 01:32:36,2022-01-02 01:32:36,79,https://www.toonimg.com/data/files/editor/202201/11332_367898_1_16a6236cb778254929205e55cf7eb4db_1641051314053129800.jpg,jpg
www.skytoon16.com,Retry: 다시 한번 최강 신선으로,2022-01-02 01:32:36,2022-01-02 01:32:36,548,https://www.toonimg.com/data/files/editor/202201/9917_367899_1_cde1a9a588fef516c044d8713e388791_1641051386043694100.jpg,jpg
www.skytoon16.com,8만년 만에 회귀하다,2022-01-02 01:32:36,2022-01-02 01:32:36,150,https://www.toonimg.com/data/files/editor/202201/14871_367900_1_9c0d0b80696db003c9ab967696269b87_1641051515032206000.jpg,jpg
www.skytoon16.com,소꿉친구를 폭군으로 키웠습니다,2022-01-02 01:32:36,2022-01-02 01:32:36,43,https://www.toonimg.com/data/files/editor/202201/15577_367901_1_8792508b961069422a661d77c7ef1bb2_1641051584071729800.png,png
www.skytoon16.com,마황의 귀환,2022-01-02 01:32:36,2022-01-02 01:32:36,224,https://www.toonimg.com/data/files/editor/202201/12293_367902_1_e99d47a24be391145d91b89b5f9732d5_1641051671046243100.jpg,jpg
www.skytoon16.com,뒤끝작렬,2022-01-02 01:32:37,2022-01-02 01:32:37,108,https://www.toonimg.com/data/files/editor/202201/14913_367903_1_b77b3660c4fe7a9728993ca4ee4bd224_1641051734051577600.jpg,jpg
www.skytoon16.com,폭군에게는 악녀가 어울린다,2022-01-02 01:32:37,2022-01-02 01:32:37,88,https://www.toonimg.com/data/files/editor/202201/12174_367904_1_53121c38a0d27d4350c828a3d25ccf5f_1641051837097270200.jpg,jpg
www.skytoon16.com,갓 오브 블랙필드,2022-01-02 01:32:37,2022-01-02 01:32:37,113,https://www.toonimg.com/data/files/editor/202201/11088_367905_1_efe664cafb47527cff05e9d86495a825_1641051927035904600.png,png
www.skytoon16.com,폭군을 길들이고 도망쳐버렸다,2022-01-02 01:32:37,2022-01-02 01:32:37,47,https://www.toonimg.com/data/files/editor/202201/14388_367906_1_1720dc1aeec0ac31b9990231c898ea74_1641052035020858900.png,png
www.skytoon16.com,역대급 창기사의 회귀,2022-01-02 01:32:37,2022-01-02 01:32:37,33,https://www.toonimg.com/data/files/editor/202201/16827_367907_1_cbd00326ecc333f086fe3196433752eb_1641052105068930400.jpg,jpg
www.skytoon16.com,닳고닳은 뉴비,2022-01-02 01:32:37,2022-01-02 01:32:37,78,https://www.toonimg.com/data/files/editor/202201/13917_367908_1_c17021b6c051282723eddbb82b8d07d8_1641052184074899400.png,png
www.skytoon16.com,악녀는 오늘도 즐겁다,2022-01-02 01:32:37,2022-01-02 01:32:37,39,https://www.toonimg.com/data/files/editor/202201/16357_367909_1_465fdc06e54217b1b268b5825115ff22_1641052305000034800.jpg,jpg
www.skytoon16.com,미연시는 1회차로 족하다,2022-01-02 01:32:37,2022-01-02 01:32:37,34,https://www.toonimg.com/data/files/editor/202201/16841_367910_1_6edb2844669917fee202581bf8972165_1641052372097604100.jpg,jpg
www.skytoon16.com,스케치,2022-01-02 01:33:55,2022-01-02 01:33:55,38,https://www.toonimg.com/data/files/editor/202152/14391_367839_1_d6f832afe593c383d69d4e5fda66a00e_1640966381091113500.jpg,jpg
www.skytoon16.com,모노크롬 루머,2022-01-02 01:33:55,2022-01-02 01:33:55,20,https://www.toonimg.com/data/files/editor/202152/16877_367840_1_ed4fb42848594fcd91c39abee64f0ed1_1640966499063339700.jpg,jpg
www.skytoon16.com,팔재,2022-01-02 01:33:55,2022-01-02 01:33:55,41,https://www.toonimg.com/data/files/editor/202152/16858_367841_1_97d94bb2c8ceb56a6524384bf002d167_1640966623044337600.jpg,jpg
www.skytoon16.com,원 스텝 프롬 헬 [개정판],2022-01-02 01:33:55,2022-01-02 01:33:55,60,https://www.toonimg.com/data/files/editor/202152/16556_367842_1_cf909636e10e318271baea4ad2162811_1640966882062133600.jpg,jpg
www.skytoon16.com,겨울 지나 벚꽃,2022-01-02 01:33:55,2022-01-02 01:33:55,153,https://www.toonimg.com/data/files/editor/202152/125_367844_1_f5e9229d0a3405d81d0de3ff686ff132_1640967094090594000.jpg,jpg
www.skytoon16.com,플립턴,2022-01-02 01:33:55,2022-01-02 01:33:55,71,https://www.toonimg.com/data/files/editor/202152/12447_367843_1_354d14c4c24fc49128cd7f4df5199b2d_1640966964086696800.jpg,jpg
www.skytoon16.com,폭군의 아이를 가졌습니다,2022-01-02 01:33:55,2022-01-02 01:33:55,34,https://www.toonimg.com/data/files/editor/202152/17209_367845_1_6977d4dcafcd174c01a8e1893b183df7_1640996701069697400.jpg,jpg
www.skytoon16.com,금발의 정령사,2022-01-02 01:33:55,2022-01-02 01:33:55,80,https://www.toonimg.com/data/files/editor/202152/10814_367847_1_9404c1f139a923807b65351a5c09064b_1640997136076637400.jpg,jpg
www.skytoon16.com,잡아먹지 마세요 도깨비님!,2022-01-02 01:33:55,2022-01-02 01:33:55,125,https://www.toonimg.com/data/files/editor/202152/14512_367848_1_db2aa2e9bdbd763e5a3c51bc961dc9db_1640997182040204300.jpg,jpg
www.skytoon16.com,새디스틱 뷰티,2022-01-02 01:33:55,2022-01-02 01:33:55,132,https://www.toonimg.com/data/files/editor/202152/1574_367853_1_4c8d77ebfea636184748931a30e53c6a_1640998462019361300.jpg,jpg
www.skytoon16.com,남주는 정중히 사양하겠습니다!,2022-01-02 01:33:55,2022-01-02 01:33:55,9,https://www.toonimg.com/data/files/editor/202152/17191_367855_1_4c22492e1e05e457018169aa3c5f4793_1640998555074476600.jpg,jpg
www.skytoon16.com,천신회귀,2022-01-02 01:33:55,2022-01-02 01:33:55,53,https://www.toonimg.com/data/files/editor/202152/16856_367856_1_f70dfb9dc2205a6e25d9d92e2561917e_1640998696034535000.jpg,jpg
www.skytoon16.com,엔젤 바니 클럽,2022-01-02 01:33:55,2022-01-02 01:33:55,11,https://www.toonimg.com/data/files/editor/202152/14413_367861_1_8adaacae278a938ed8dc150ca354ee80_1640999025000431900.jpg,jpg
www.skytoon16.com,블러드 앤드 러브,2022-01-02 01:33:55,2022-01-02 01:33:55,11,https://www.toonimg.com/data/files/editor/202152/17356_367860_1_7e99f9a6d4b786a6e26fd46e974d9497_1640998979028829400.jpg,jpg
www.skytoon16.com,백퍼센트 클린업,2022-01-02 01:33:55,2022-01-02 01:33:55,67,https://www.toonimg.com/data/files/editor/202152/11069_367864_1_dd9cd19c9330e421be2c63600fa91d4a_1640999185095208500.jpg,jpg
www.skytoon16.com,솔라이클립스,2022-01-02 01:33:55,2022-01-02 01:33:55,42,https://www.toonimg.com/data/files/editor/202152/10126_367863_1_0f339a14aafdda871aa54fded0bc8fc9_1640999119041032900.jpg,jpg
www.skytoon16.com,친구 엄마,2022-01-02 01:33:55,2022-01-02 01:33:55,61,https://www.toonimg.com/data/files/editor/202152/14673_367867_1_fdb27c97513200edc38d95915cc6f32b_1640999446017846300.jpg,jpg
www.skytoon16.com,레드 캔디,2022-01-02 01:33:55,2022-01-02 01:33:55,77,https://www.toonimg.com/data/files/editor/202152/10646_367865_1_e11fb080d3a2ae9dabaf0fa9efad855f_1640999229043755000.jpg,jpg
www.skytoon16.com,허약선생,2022-01-02 01:33:55,2022-01-02 01:33:55,53,https://www.toonimg.com/data/files/editor/202152/16165_367870_1_b36e18b40341f853cd6da191ef6d0994_1640999621024232900.png,png
www.skytoon16.com,돌봐주세요,2022-01-02 01:33:55,2022-01-02 01:33:55,25,https://www.toonimg.com/data/files/editor/202152/16543_367869_1_6517363fbf3201527084f978b1c1d81c_1640999591015065700.jpg,jpg
www.skytoon16.com,남사친이 좋아진 이유,2022-01-02 01:33:55,2022-01-02 01:33:55,40,https://www.toonimg.com/data/files/editor/202152/14058_367868_1_8f6d4994f4f2c7d4dfde26803f8f1e99_1640999514058023700.jpg,jpg
www.skytoon16.com,이상형은 아닙니다,2022-01-02 01:33:55,2022-01-02 01:33:55,26,https://www.toonimg.com/data/files/editor/202152/16821_367877_1_7a3fc26ba7319055b33e7f2191a0f88b_1641048354039608400.jpg,jpg
www.skytoon16.com,프리드로우,2022-01-02 01:33:55,2022-01-02 01:33:55,421,https://www.toonimg.com/data/files/editor/202152/3383_367876_1_28dd9a68c68d86ebb58d2bccac577911_1641048296028023300.jpg,jpg
www.skytoon16.com,용사가 돌아왔다,2022-01-02 01:33:55,2022-01-02 01:33:55,31,https://www.toonimg.com/data/files/editor/202152/16253_367878_1_969c7da469ecb1cc9269caf201b3d6f5_1641048406069812300.jpg,jpg
www.skytoon16.com,영검존,2022-01-02 01:35:04,2022-01-02 01:35:04,537,https://www.toonimg.com/data/files/editor/202152/407_367815_1_e3776d5e5a3ca15a9fbacdf0cd24084d_1640963983001202400.jpg,jpg
www.skytoon16.com,진홍의 카르마,2022-01-02 01:35:04,2022-01-02 01:35:04,119,https://www.toonimg.com/data/files/editor/202152/11706_367816_1_f1333809dad78694592376cc9a006824_1640964063025145300.jpg,jpg
www.skytoon16.com,양의 사수,2022-01-02 01:35:04,2022-01-02 01:35:04,94,https://www.toonimg.com/data/files/editor/202152/13274_367819_1_9654763d060447a28bec08fdf3d7752c_1640964222008280200.jpg,jpg
www.skytoon16.com,토템의 영역,2022-01-02 01:35:04,2022-01-02 01:35:04,63,https://www.toonimg.com/data/files/editor/202152/13926_367821_1_0d76cc8352c15482ee0d7832ea347249_1640964331000627500.jpg,jpg
www.skytoon16.com,마블 전기 파괴의 신의 탄생,2022-01-02 01:35:04,2022-01-02 01:35:04,60,https://www.toonimg.com/data/files/editor/202152/16459_367820_1_c7e8d66a36250648070150648746ba1b_1640964286092625600.jpg,jpg
www.skytoon16.com,무련전봉,2022-01-02 01:35:04,2022-01-02 01:35:04,503,https://www.toonimg.com/data/files/editor/202152/9732_367822_1_164c95fbadcf6db99cfe60d86580664f_1640964366091436300.jpg,jpg
www.skytoon16.com,램프의 아미나,2022-01-02 01:35:04,2022-01-02 01:35:04,109,https://www.toonimg.com/data/files/editor/202152/11773_367823_1_d015700af1a80c24aa8d9b3003cdcf9f_1640964437076722700.jpg,jpg
www.skytoon16.com,리미티드 런,2022-01-02 01:35:04,2022-01-02 01:35:04,23,https://www.toonimg.com/data/files/editor/202152/16449_367824_1_5df7425ec0faf0956e4368e7d91a2445_1640964525059840900.jpg,jpg
www.skytoon16.com,야화첩,2022-01-02 01:35:04,2022-01-02 01:35:04,102,https://www.toonimg.com/data/files/editor/202152/8021_367825_1_2d597fe2aca9ed6ecd742a384c700d57_1640964602008804400.jpg,jpg
www.skytoon16.com,체험! XX의 현장,2022-01-02 01:35:04,2022-01-02 01:35:04,65,https://www.toonimg.com/data/files/editor/202152/12766_367826_1_a1298085e19589a39a95d583dce6fd46_1640964682097072700.jpg,jpg
www.skytoon16.com,더블트랩,2022-01-02 01:35:04,2022-01-02 01:35:04,24,https://www.toonimg.com/data/files/editor/202152/17240_367827_1_54c60d08e110773071cbc4c5b1bff65c_1640964872018606000.jpg,jpg
www.skytoon16.com,클라우드,2022-01-02 01:35:04,2022-01-02 01:35:04,45,https://www.toonimg.com/data/files/editor/202152/15934_367828_1_e7fd5dc497df7fdcf9ff999dfe4d7c19_1640964953043308100.jpg,jpg
www.skytoon16.com,악마의 유혹,2022-01-02 01:35:04,2022-01-02 01:35:04,114,https://www.toonimg.com/data/files/editor/202152/6074_367829_1_d805d1df9c58fbde7e6bd445e2589e02_1640965040005203300.jpg,jpg
www.skytoon16.com,뜨겁게 안아줘,2022-01-02 01:35:04,2022-01-02 01:35:04,155,https://www.toonimg.com/data/files/editor/202152/2044_367830_1_566e62807cbf933cfd8c9a174276499d_1640965119042891300.jpg,jpg
www.skytoon16.com,BL모텔,2022-01-02 01:35:04,2022-01-02 01:35:04,140,https://www.toonimg.com/data/files/editor/202152/2080_367831_1_1a9975bfcf024ff24aec424959605478_1640965195008039900.jpg,jpg
www.skytoon16.com,킬러가 사랑에 빠졌을 때,2022-01-02 01:35:04,2022-01-02 01:35:04,20,https://www.toonimg.com/data/files/editor/202152/16931_367832_1_04264719185403d4e3874c583072607d_1640965651075189000.jpg,jpg
www.skytoon16.com,코스모 섹스 판타지,2022-01-02 01:35:04,2022-01-02 01:35:04,26,https://www.toonimg.com/data/files/editor/202152/17243_367833_1_1398243e6806e15634b573756489f7a4_1640965809031778300.jpg,jpg
www.skytoon16.com,다카포,2022-01-02 01:35:04,2022-01-02 01:35:04,17,https://www.toonimg.com/data/files/editor/202152/16681_367834_1_8ae342d66a7c3fafeffc0a1fe221761d_1640965913054778500.jpg,jpg
www.skytoon16.com,이번 생은 내 뜻대로 살겠다,2022-01-02 01:35:04,2022-01-02 01:35:04,18,https://www.toonimg.com/data/files/editor/202152/17301_367835_1_c12dcead2a535a11c9f612603b32bf11_1640965983073665000.jpg,jpg
www.skytoon16.com,아무튼 로판 맞습니다,2022-01-02 01:35:04,2022-01-02 01:35:04,21,https://www.toonimg.com/data/files/editor/202152/17333_367837_1_3cc69a042cff55c3c7624c3e91bd8af2_1640966150057346300.jpg,jpg
www.skytoon16.com,황후궁 체대생,2022-01-02 01:35:04,2022-01-02 01:35:04,79,https://www.toonimg.com/data/files/editor/202152/11314_367836_1_83fbb97f21cc358e8ba9754e507295d3_1640966060068633700.jpg,jpg
www.skytoon16.com,모두의 선배,2022-01-02 01:35:04,2022-01-02 01:35:04,15,https://www.toonimg.com/data/files/editor/202152/17213_367838_1_d64bc2de7c3769d8aaa06e0ba77b9b5e_1640966279025021200.jpg,jpg
www.skytoon16.com,패스파인더,2022-01-02 01:36:21,2022-01-02 01:36:21,48,https://www.toonimg.com/data/files/editor/202152/16217_367785_1_a0f125c1d06dab9fb45ce6e14a97cc2b_1640961869055245100.png,png
www.skytoon16.com,악녀 메이커,2022-01-02 01:36:21,2022-01-02 01:36:21,62,https://www.toonimg.com/data/files/editor/202152/14319_367786_1_566285c0b74575108377baa68d5f5617_1640961960006264100.jpg,jpg
www.skytoon16.com,백작가의 불청객들,2022-01-02 01:36:21,2022-01-02 01:36:21,39,https://www.toonimg.com/data/files/editor/202152/16163_367788_1_99d5c863e5b5030ebd2f3befa7761af7_1640962085042257400.png,png
www.skytoon16.com,리버스 빌런,2022-01-02 01:36:21,2022-01-02 01:36:21,92,https://www.toonimg.com/data/files/editor/202152/10297_367787_1_4d1d1106182f4f7a425a137fa1811286_1640962021060876300.jpg,jpg
www.skytoon16.com,풍검,2022-01-02 01:36:21,2022-01-02 01:36:21,172,https://www.toonimg.com/data/files/editor/202152/2745_367790_1_c10445a1da700601c20a4b9410b22ecf_1640962226024317300.png,png
www.skytoon16.com,후궁공략,2022-01-02 01:36:21,2022-01-02 01:36:21,87,https://www.toonimg.com/data/files/editor/202152/16164_367789_1_9d9a721d53b97b5910d35897a38d67b2_1640962154036053600.png,png
www.skytoon16.com,레드라인,2022-01-02 01:36:21,2022-01-02 01:36:21,13,https://www.toonimg.com/data/files/editor/202152/17519_367791_1_1018fa22347e91edfe92d90c5ecbfa0d_1640962287074664300.png,png
www.skytoon16.com,이렇게 바보일리 없어,2022-01-02 01:36:21,2022-01-02 01:36:21,35,https://www.toonimg.com/data/files/editor/202152/16787_367792_1_271da31ad2b341ac84ec8187cb276e4a_1640962343085899500.jpg,jpg
www.skytoon16.com,원존: 용의 비상,2022-01-02 01:36:21,2022-01-02 01:36:21,304,https://www.toonimg.com/data/files/editor/202152/5595_367794_1_ecabceb590fd605b140cb72824f17e18_1640962497043083400.jpg,jpg
www.skytoon16.com,이뤄질 수 없는 마녀의 소망,2022-01-02 01:36:21,2022-01-02 01:36:21,116,https://www.toonimg.com/data/files/editor/202152/11966_367793_1_d181efadb35bb7bcfd207e7decf23a99_1640962411049876000.png,png
www.skytoon16.com,용사가 있었는데요,2022-01-02 01:36:21,2022-01-02 01:36:21,53,https://www.toonimg.com/data/files/editor/202152/14839_367795_1_be4fdb240e9dca2447155e38c2505f3d_1640962563058676200.jpg,jpg
www.skytoon16.com,전직법사,2022-01-02 01:36:21,2022-01-02 01:36:21,599,https://www.toonimg.com/data/files/editor/202152/4792_367796_1_a4f5f35dd8b154922358fabcb7fbf3ea_1640962643038380400.jpg,jpg
www.skytoon16.com,회귀하여 최강 신왕으로,2022-01-02 01:36:21,2022-01-02 01:36:21,127,https://www.toonimg.com/data/files/editor/202152/11776_367798_1_2ace0e790a1f19a07049b18180db6d9c_1640962771012137600.jpg,jpg
www.skytoon16.com,테오도르의 노래,2022-01-02 01:36:21,2022-01-02 01:36:21,95,https://www.toonimg.com/data/files/editor/202152/14320_367797_1_26afaf63ef62dd48c6cd61464c15f122_1640962712072422000.jpg,jpg
www.skytoon16.com,"나태 공자, 노력 천재 되다",2022-01-02 01:36:21,2022-01-02 01:36:21,33,https://www.toonimg.com/data/files/editor/202152/16249_367800_1_c7cc9d3bb30ce15c54bafe26d1979f46_1640962925005970600.jpg,jpg
www.skytoon16.com,취사병 전설이 되다,2022-01-02 01:36:21,2022-01-02 01:36:21,141,https://www.toonimg.com/data/files/editor/202152/9032_367801_1_56bd441247c9af8e25fd7da6fcf279e6_1640962994059523600.jpg,jpg
www.skytoon16.com,망나니 소교주로 환생했다,2022-01-02 01:36:21,2022-01-02 01:36:21,25,https://www.toonimg.com/data/files/editor/202152/16233_367799_1_562af4963b90b63904895b5fea7bbd9c_1640962863007429800.jpg,jpg
www.skytoon16.com,최강부캐,2022-01-02 01:36:21,2022-01-02 01:36:21,16,https://www.toonimg.com/data/files/editor/202152/17193_367803_1_46f0e9d2b85160db629ecd7100e6acea_1640963212029542800.jpg,jpg
www.skytoon16.com,성무신결,2022-01-02 01:36:21,2022-01-02 01:36:21,486,https://www.toonimg.com/data/files/editor/202152/1301_367807_1_26bc11cff31b793d9f08e93c35abffd9_1640963465063152500.jpg,jpg
www.skytoon16.com,안주는 남자,2022-01-02 01:36:21,2022-01-02 01:36:21,149,https://www.toonimg.com/data/files/editor/202152/4178_367809_1_72b1e625355b808d095f66401b9ed615_1640963523001209600.jpg,jpg
www.skytoon16.com,나를 사랑하지 않는 그대에게,2022-01-02 01:36:21,2022-01-02 01:36:21,26,https://www.toonimg.com/data/files/editor/202152/16632_367804_1_589fb8dc3fc2ce82e14d1c05e5010cff_1640963275068818700.jpg,jpg
www.skytoon16.com,허세로 레벨업 하기!,2022-01-02 01:36:21,2022-01-02 01:36:21,348,https://www.toonimg.com/data/files/editor/202152/9845_367811_1_fb58c76db6f3cc9bf0d24b17c6a8e8ab_1640963667063833800.jpg,jpg
www.skytoon16.com,무도독존,2022-01-02 01:36:21,2022-01-02 01:36:21,178,https://www.toonimg.com/data/files/editor/202152/11498_367810_1_84873a8b84591cd5bd22b36e7c477f71_1640963612001693800.jpg,jpg
www.skytoon16.com,아는 만큼 느끼는,2022-01-02 01:36:21,2022-01-02 01:36:21,28,https://www.toonimg.com/data/files/editor/202152/17161_367813_1_37bf2c7de9e4204ec5f73143ea5111a0_1640963890065282700.jpg,jpg
www.skytoon16.com,메디컬 환생,2022-01-02 01:37:36,2022-01-02 01:37:36,146,https://www.toonimg.com/data/files/editor/202152/10268_367761_1_715320f76a541d0727e7389e16736004_1640958934062627900.png,png
www.skytoon16.com,사실은 내가 진짜였다,2022-01-02 01:37:36,2022-01-02 01:37:36,63,https://www.toonimg.com/data/files/editor/202152/13742_367762_1_1d4cbcb1c60a4c51b3a78b95099c11a0_1640959048079272200.png,png
www.skytoon16.com,만렙부터 레벨업,2022-01-02 01:37:36,2022-01-02 01:37:36,23,https://www.toonimg.com/data/files/editor/202152/17355_367765_1_0ffa070cc3e89cdabf0bf19335ef707e_1640959289060855100.jpg,jpg
www.skytoon16.com,로그인 무림,2022-01-02 01:37:36,2022-01-02 01:37:36,99,https://www.toonimg.com/data/files/editor/202152/11597_367763_1_9dda36076aef90c466e89a3c011e2fad_1640959129043696000.png,png
www.skytoon16.com,블러디발렌타인:인류종말,2022-01-02 01:37:36,2022-01-02 01:37:36,398,https://www.toonimg.com/data/files/editor/202152/3089_367764_1_82b0627df38ccb4d6a411a9f9fbb1e1b_1640959222085370100.jpg,jpg
www.skytoon16.com,"폐하, 또 죽이진 말아주세요",2022-01-02 01:37:36,2022-01-02 01:37:36,59,https://www.toonimg.com/data/files/editor/202152/13392_367766_1_902494914f496d8ddb485108b0f1f812_1640959367020817600.png,png
www.skytoon16.com,우리가 가족이 될 수 있을까요?,2022-01-02 01:37:36,2022-01-02 01:37:36,37,https://www.toonimg.com/data/files/editor/202152/16993_367767_1_4ab330545fd3144d6c54f55beada3074_1640959437061763500.jpg,jpg
www.skytoon16.com,악당 대공님의 귀하디귀한 여동생,2022-01-02 01:37:36,2022-01-02 01:37:36,57,https://www.toonimg.com/data/files/editor/202152/16678_367769_1_30311275465c0d4c8f0d13db6865e840_1640959588049745400.png,png
www.skytoon16.com,데이지-공작의 혼약자가 되는 법,2022-01-02 01:37:36,2022-01-02 01:37:36,93,https://www.toonimg.com/data/files/editor/202152/11598_367768_1_7e5b5a2c1b4cbc47861eae291baa1464_1640959525060965200.png,png
www.skytoon16.com,흔한 환생녀의 사정,2022-01-02 01:37:36,2022-01-02 01:37:36,84,https://www.toonimg.com/data/files/editor/202152/11219_367771_1_0088b4c5e8113ba1583f5f502aa97aec_1640959983083956100.png,png
www.skytoon16.com,오늘부터 플레이어,2022-01-02 01:37:36,2022-01-02 01:37:36,35,https://www.toonimg.com/data/files/editor/202152/16994_367770_1_46b88996595857c0a2df7733e0f6dc01_1640959908007463500.jpg,jpg
www.skytoon16.com,접경지역의 동물병원,2022-01-02 01:37:36,2022-01-02 01:37:36,72,https://www.toonimg.com/data/files/editor/202152/13916_367774_1_5c48a2a3edbb5d8f9093738a384b5500_1640960490056050900.png,png
www.skytoon16.com,이그레트,2022-01-02 01:37:36,2022-01-02 01:37:36,42,https://www.toonimg.com/data/files/editor/202152/16215_367773_1_2d3e7ba270e155a25d24ad1c97fe9338_1640960375015882900.png,png
www.skytoon16.com,마왕의 딸로 태어났습니다,2022-01-02 01:37:36,2022-01-02 01:37:36,140,https://www.toonimg.com/data/files/editor/202152/11336_367772_1_f425a609a3ae117448aaf2c40fa33907_1640960055099901600.png,png
www.skytoon16.com,샤먼,2022-01-02 01:37:36,2022-01-02 01:37:36,35,https://www.toonimg.com/data/files/editor/202152/16403_367775_1_faf924ea11c0ab53feffdab9bb540f82_1640960867007574600.jpg,jpg
www.skytoon16.com,페이크뷰티,2022-01-02 01:37:36,2022-01-02 01:37:36,86,https://www.toonimg.com/data/files/editor/202152/13078_367776_1_49788f7777fb55c79995eddf75571aee_1640961131051213200.jpg,jpg
www.skytoon16.com,남장 비서,2022-01-02 01:37:36,2022-01-02 01:37:36,55,https://www.toonimg.com/data/files/editor/202152/14967_367777_1_2d1045ec6ccb7718f1f3a90ec0642a80_1640961197019331600.png,png
www.skytoon16.com,극한 공녀,2022-01-02 01:37:36,2022-01-02 01:37:36,99,https://www.toonimg.com/data/files/editor/202152/11908_367778_1_592ffd4753c0a26c0078d346b8cf68df_1640961275065610400.jpg,jpg
www.skytoon16.com,한 번 해본 사이,2022-01-02 01:37:36,2022-01-02 01:37:36,55,https://www.toonimg.com/data/files/editor/202152/15565_367779_1_86066f143199d5bb8c63e41e2ffba0ce_1640961402028553400.png,png
www.skytoon16.com,오크의 포로가 된 엘프 여사령관,2022-01-02 01:37:36,2022-01-02 01:37:36,45,https://www.toonimg.com/data/files/editor/202152/17179_367781_1_21aaea7a2a99f33d8ab3003b72719bed_1640961550065524500.jpg,jpg
www.skytoon16.com,하트 크러시,2022-01-02 01:37:36,2022-01-02 01:37:36,53,https://www.toonimg.com/data/files/editor/202152/16079_367780_1_1db8361636fc7ca4014de86a693cd6b7_1640961476061031800.png,png
www.skytoon16.com,나 혼자 소설 속 망나니,2022-01-02 01:37:36,2022-01-02 01:37:36,74,https://www.toonimg.com/data/files/editor/202152/13652_367782_1_1348d318c85c09e6c45d686f7e0187cc_1640961604047645900.png,png
www.skytoon16.com,"이혼해주세요, 남편님!",2022-01-02 01:37:36,2022-01-02 01:37:36,41,https://www.toonimg.com/data/files/editor/202152/16216_367783_1_1bdbbefdb2cd558ac3636407b3a4b8b2_1640961740067043900.png,png
www.skytoon16.com,마릴린은 라리엔사를 너무 좋아해!,2022-01-02 01:37:36,2022-01-02 01:37:36,52,https://www.toonimg.com/data/files/editor/202152/15689_367784_1_77008117b2a05353136fa28c6e179e4d_1640961798007536500.jpg,jpg
www.skytoon16.com,나의 나쁜 연하남,2022-01-02 01:38:44,2022-01-02 01:38:44,80,https://www.toonimg.com/data/files/editor/202152/14323_367712_1_ec19da2e38767b7f8c0a2f135aae3827_1640939805013261800.png,png
www.skytoon16.com,백억년을 자는 남자,2022-01-02 01:38:44,2022-01-02 01:38:44,149,https://www.toonimg.com/data/files/editor/202152/9910_367739_1_b0234b0583450592c21af0ee04b905a1_1640956895063833800.jpg,jpg
www.skytoon16.com,악당이지만 남주를 키웠습니다,2022-01-02 01:38:44,2022-01-02 01:38:44,26,https://www.toonimg.com/data/files/editor/202152/15547_367737_1_7a6b5e8b19040ec69b080c3de152a353_1640952145031183600.jpg,jpg
www.skytoon16.com,황제와 여기사,2022-01-02 01:38:44,2022-01-02 01:38:44,135,https://www.toonimg.com/data/files/editor/202152/10392_367742_1_78fef76a3d88c782c6ff3fb2088a6a49_1640957053077152600.jpg,jpg
www.skytoon16.com,무패의 랭커,2022-01-02 01:38:44,2022-01-02 01:38:44,32,https://www.toonimg.com/data/files/editor/202152/17241_367740_1_93ca1c4174f11b2f7b5c9cff0a8eb043_1640956954097653500.jpg,jpg
www.skytoon16.com,템빨,2022-01-02 01:38:44,2022-01-02 01:38:44,110,https://www.toonimg.com/data/files/editor/202152/11373_367743_1_6519da53acbd22665d05a17a81fe4dc7_1640957117032024300.png,png
www.skytoon16.com,일상생활 가능하세요?,2022-01-02 01:38:44,2022-01-02 01:38:44,112,https://www.toonimg.com/data/files/editor/202152/398_367744_1_4684215d0d2487070799f6ba0229a005_1640957204055461600.jpg,jpg
www.skytoon16.com,만져서 봉인해제,2022-01-02 01:38:44,2022-01-02 01:38:44,106,https://www.toonimg.com/data/files/editor/202152/9014_367746_1_e42ce6eb0a2d9506126b216da418bac4_1640957320037425200.jpg,jpg
www.skytoon16.com,최강무혼,2022-01-02 01:38:44,2022-01-02 01:38:44,36,https://www.toonimg.com/data/files/editor/202152/17158_367745_1_cb7ab47d72e708bfc1aa40a1c387fce0_1640957250076931600.jpg,jpg
www.skytoon16.com,나 홀로 로그인,2022-01-02 01:38:44,2022-01-02 01:38:44,110,https://www.toonimg.com/data/files/editor/202152/10390_367748_1_d7fbea868af1b2bb3c71614f634a1bc4_1640957629074698000.png,png
www.skytoon16.com,레이디 베이비,2022-01-02 01:38:44,2022-01-02 01:38:44,140,https://www.toonimg.com/data/files/editor/202152/4782_367747_1_76a88af419ce456c940dc4f87673440d_1640957408034397600.jpg,jpg
www.skytoon16.com,면회,2022-01-02 01:38:44,2022-01-02 01:38:44,36,https://www.toonimg.com/data/files/editor/202152/15516_367750_1_dd722983b5044eb42d6d96fea0170f61_1640957801013818400.jpg,jpg
www.skytoon16.com,메모라이즈(MEMORIZE),2022-01-02 01:38:45,2022-01-02 01:38:45,79,https://www.toonimg.com/data/files/editor/202152/13741_367749_1_b48dcd0bccee5396aaad5d87257a5a02_1640957697099937800.jpg,jpg
www.skytoon16.com,음란완구,2022-01-02 01:38:45,2022-01-02 01:38:45,26,https://www.toonimg.com/data/files/editor/202152/16084_367752_1_66ce9ae4c56f3ae19ea8f2c2b0149f5f_1640957925013781600.jpg,jpg
www.skytoon16.com,테이밍 마스터,2022-01-02 01:38:45,2022-01-02 01:38:45,64,https://www.toonimg.com/data/files/editor/202152/14031_367751_1_ea488b244f241023b49856ce9498f506_1640957868073059300.png,png
www.skytoon16.com,풍운객잔,2022-01-02 01:38:45,2022-01-02 01:38:45,45,https://www.toonimg.com/data/files/editor/202152/17361_367754_1_cc7d8e851347ff85b1bda798fe1a2922_1640958272025964600.png,png
www.skytoon16.com,음귀,2022-01-02 01:38:45,2022-01-02 01:38:45,12,https://www.toonimg.com/data/files/editor/202152/17334_367753_1_b7384cf7b2ade6b409080c36016ac7a8_1640958131007695300.jpg,jpg
www.skytoon16.com,쓰레기장 속 황녀님,2022-01-02 01:38:45,2022-01-02 01:38:45,56,https://www.toonimg.com/data/files/editor/202152/12919_367756_1_e5ae9e32114ffedd9f8d8c0a7bd2d1c5_1640958400067301300.jpg,jpg
www.skytoon16.com,키워서 잡아먹혔다,2022-01-02 01:38:45,2022-01-02 01:38:45,47,https://www.toonimg.com/data/files/editor/202152/16248_367755_1_eddd0e3de21e3166a90ad76e5f057b49_1640958341004584400.jpg,jpg
www.skytoon16.com,보스 인 스쿨,2022-01-02 01:38:45,2022-01-02 01:38:45,170,https://www.toonimg.com/data/files/editor/202152/412_367757_1_1ef5df1cc5168e4c636cf7dd81cdcbf0_1640958614055614300.jpg,jpg
www.skytoon16.com,남주의 입양딸이 되었습니다,2022-01-02 01:38:45,2022-01-02 01:38:45,39,https://www.toonimg.com/data/files/editor/202152/16270_367759_1_4cd862cec6789b434312bd5809a7742e_1640958793023782300.png,png
www.skytoon16.com,투문,2022-01-02 01:38:45,2022-01-02 01:38:45,49,https://www.toonimg.com/data/files/editor/202152/658_367760_1_b3fe0af5ef090534e37b84ab318d35ea_1640958860036821100.jpg,jpg
www.skytoon16.com,나쁜남자,2022-01-02 01:39:41,2022-01-02 01:39:41,3,https://img.tktkimgimg.com/data/file/webtoonBK2/7863/61C3DF02824C6.jpg,jpg
www.skytoon16.com,키는 작아도 XX는 크거든요?,2022-01-02 01:39:41,2022-01-02 01:39:41,6,https://www.toonimg.com/data/files/editor/202152/17609_367533_1_58452ebfc9a926cc5b5407e7982957d2_1640868562019046300.jpg,jpg
www.skytoon16.com,재입대를 명 받았습니다,2022-01-02 01:39:41,2022-01-02 01:39:41,17,https://www.toonimg.com/data/files/editor/202152/17290_367682_1_21c130d7061a564115929234e5755600_1640930438087227100.jpg,jpg
www.skytoon16.com,음란탕탕 결혼식,2022-01-02 01:39:41,2022-01-02 01:39:41,8,https://www.toonimg.com/data/files/editor/202152/17610_367535_1_eee3d6dfa5328510ddaf47b5eb4276b8_1640868807077908600.jpg,jpg
www.skytoon16.com,외모지상주의,2022-01-02 01:39:41,2022-01-02 01:39:41,377,https://www.toonimg.com/data/files/editor/202152/1974_367683_1_34a6a74ca4c0b8ba9a8ce109cb94691a_1640930575052699100.jpg,jpg
www.skytoon16.com,친구여자,2022-01-02 01:39:41,2022-01-02 01:39:41,24,https://www.toonimg.com/data/files/editor/202152/16665_367684_1_cf30f201449dc61645b0a69a38bd10c1_1640930634056298500.jpg,jpg
www.skytoon16.com,난년,2022-01-02 01:39:41,2022-01-02 01:39:41,62,https://www.toonimg.com/data/files/editor/202152/13811_367685_1_07abcfc4ec2af8320e2399a1d20181ee_1640930726082140500.jpg,jpg
www.skytoon16.com,천일의 아내,2022-01-02 01:39:41,2022-01-02 01:39:41,71,https://www.toonimg.com/data/files/editor/202152/11888_367686_1_080ce1f3c6ad76eb0d8ede2a1508f1c7_1640930868072765300.jpg,jpg
www.skytoon16.com,교환학생,2022-01-02 01:39:41,2022-01-02 01:39:41,25,https://www.toonimg.com/data/files/editor/2018/12/ba6994942c53d87836b67d4701b74ff1_1545375453051839200.jpg,jpg
www.skytoon16.com,유리의 벽,2022-01-02 01:39:41,2022-01-02 01:39:41,75,https://www.toonimg.com/data/files/editor/202152/1978_367696_1_f5a839cd8a306873d811cd8ec4fb8822_1640935013042955000.jpg,jpg
www.skytoon16.com,정령사: 나타르 전기,2022-01-02 01:39:41,2022-01-02 01:39:41,411,https://www.toonimg.com/data/files/editor/202152/3481_367699_1_6307cb12cb304a8cf028927135e040f5_1640935219098712900.jpg,jpg
www.skytoon16.com,선무제존,2022-01-02 01:39:41,2022-01-02 01:39:41,141,https://www.toonimg.com/data/files/editor/202152/15719_367698_1_cafa117b8b5167ccb48a56f9c5ca1dc1_1640935193091863700.jpg,jpg
www.skytoon16.com,기억사냥꾼,2022-01-02 01:39:41,2022-01-02 01:39:41,15,https://www.toonimg.com/data/files/editor/202152/17302_367701_1_b73e147ceeb8c36e3216f59baf3ac14a_1640938055021186500.jpg,jpg
www.skytoon16.com,여긴 불빛이 안 드는 곳이야,2022-01-02 01:39:41,2022-01-02 01:39:41,38,https://www.toonimg.com/data/files/editor/202152/16619_367708_1_0bf13a994ebf0e04f94fa5e4fff3ac69_1640938820001877300.jpg,jpg
www.skytoon16.com,시어스톤:수련4만년,2022-01-02 01:39:41,2022-01-02 01:39:41,187,https://www.toonimg.com/data/files/editor/202152/2951_367706_1_ec9a485cd4f470d1f23c4c36e881dfeb_1640938677027407000.jpg,jpg
www.skytoon16.com,비뢰도,2022-01-02 01:39:41,2022-01-02 01:39:41,104,https://www.toonimg.com/data/files/editor/202152/10217_367704_1_5c97c481a7edcca579ea95c790be307a_1640938496056917200.png,png
www.skytoon16.com,나를 사랑한 폭군 컬렉션,2022-01-02 01:39:41,2022-01-02 01:39:41,24,https://www.toonimg.com/data/files/editor/202152/16616_367710_1_9cb828f642da321c9b94946536355cf5_1640939689031903700.jpg,jpg
www.skytoon16.com,황성 패왕무적 컬렉션,2022-01-02 01:39:41,2022-01-02 01:39:41,33,https://www.toonimg.com/data/files/editor/202152/16617_367711_1_1211e120f04855bb49b97d80c42568f6_1640939740066755000.jpg,jpg
hosturl,webtoonName,crawltime,updatetime,episode,file_urls,extension
hosturl,webtoonName,crawltime,updatetime,episode,file_urls,extension
hosturl,webtoonName,crawltime,updatetime,episode,file_urls,extension
hosturl,webtoonName,crawltime,updatetime,episode,file_urls,extension
hosturl,webtoonName,crawltime,updatetime,episode,file_urls,extension
hosturl,webtoonName,crawltime,updatetime,episode,file_urls,extension
hosturl,webtoonName,crawltime,updatetime,episode,file_urls,extension
hosturl,webtoonName,crawltime,updatetime,episode,file_urls,extension
hosturl,webtoonName,crawltime,updatetime,episode,file_urls,extension
hosturl,webtoonName,crawltime,updatetime,episode,file_urls,extension
hosturl,webtoonName,crawltime,updatetime,episode,file_urls,extension
hosturl,webtoonName,crawltime,updatetime,episode,file_urls,extension
hosturl,webtoonName,crawltime,updatetime,episode,file_urls,extension
hosturl,webtoonName,crawltime,updatetime,episode,file_urls,extension
hosturl,webtoonName,crawltime,updatetime,episode,file_urls,extension
hosturl,webtoonName,crawltime,updatetime,episode,file_urls,extension
hosturl,webtoonName,crawltime,updatetime,episode,file_urls,extension
hosturl,webtoonName,crawltime,updatetime,episode,file_urls,extension
hosturl,webtoonName,crawltime,updatetime,episode,file_urls,extension
hosturl,webtoonName,crawltime,updatetime,episode,file_urls,extension
hosturl,webtoonName,crawltime,updatetime,episode,file_urls,extension
hosturl,webtoonName,crawltime,updatetime,episode,file_urls,extension
hosturl,webtoonName,crawltime,updatetime,episode,file_urls,extension
hosturl,webtoonName,crawltime,updatetime,episode,file_urls,extension
hosturl,webtoonName,crawltime,updatetime,episode,file_urls,extension
hosturl,webtoonName,crawltime,updatetime,episode,file_urls,extension
hosturl,webtoonName,crawltime,updatetime,episode,file_urls,extension
star-02.link,발렌타인 키스,2022-01-03 22:52:06,5일전,99,https://tkor.tips/data/file/wtoon/1640706089721.jpeg,jpeg
star-02.link,파애,2022-01-03 22:52:07,273일전,45,https://bam107co.com/data/editor/2104/3aa706c62be7e6c84e3a1766cf268ff0_1617575575_1573.jpeg,jpeg
star-02.link,자매와 새아버지,2022-01-03 22:52:07,210일전,141,https://tkor.fyi/data/file/wtoon/16229898883664.jpeg,jpeg
star-02.link,어쩌다 동거,2022-01-03 22:52:07,280일전,36,https://bam105co.com/data/editor/2103/307dc90367dc41022f810c397d92e8ea_1616966341_9585.jpg,jpg
star-02.link,누나의 성교육,2022-01-03 22:52:07,350일전,41,https://bam95co.com/data/editor/2101/1db7d8ccda1600e3aa30544b3752029d_1609709795_2374.jpg,jpg
star-02.link,젖어도 괜찮아?,2022-01-03 22:52:07,203일전,51,https://tkor.tube/data/file/wtoon/16230413336801.jpeg,jpeg
star-02.link,사장님을 잠금해제,2022-01-03 22:52:07,329일전,48,https://bam97co.com/data/editor/2102/129da40b3598dea1891e2bc0671af142_1612194064_6281.jpg,jpg
star-02.link,달콤한 동거 & 꽃뱀 길들이기 [투믹스],2022-01-03 22:52:07,280일전,70,https://bam105co.com/data/editor/2103/307dc90367dc41022f810c397d92e8ea_1616966265_1056.jpg,jpg
star-02.link,절세무신,2022-01-03 22:52:07,280일전,205,https://bam105co.com/data/editor/2103/0200d6c03534f730dccaf0c53cde7512_1616958860_7724.jpg,jpg
star-02.link,묘한 그녀석,2022-01-03 22:52:07,203일전,136,https://tkor.tube/data/file/wtoon/16234105578485.jpeg,jpeg
star-02.link,인생존망,2022-01-03 22:52:07,140일전,55,https://tkor.dog/data/file/wtoon/2020/11/21/16058879707332.jpeg,jpeg
star-02.link,윈드브레이커,2022-01-03 22:52:08,140일전,125,https://tkor.dog/data/file/wtoon/2021/07/27/16273188015527.jpeg,jpeg
star-02.link,미학의 포식자,2022-01-03 22:52:07,203일전,52,https://tkor.tube/data/file/wtoon/16181486123032.jpeg,jpeg
star-02.link,아도니스,2022-01-03 22:52:08,203일전,181,https://tkor.tube/data/file/wtoon/16235995063022.jpeg,jpeg
star-02.link,용의 황자님,2022-01-03 22:52:07,203일전,용의 황자님 외전 후기,https://tkor.tube/data/file/wtoon/16223020297496.jpg,jpg
star-02.link,도플갱어의 게임,2022-01-03 22:52:07,329일전,52,https://bam97co.com/data/editor/2102/860571deaea35248a06320a98534f5aa_1612198425_3653.jpg,jpg
star-02.link,더 라이브,2022-01-03 22:52:07,203일전,82,https://tkor.tube/data/file/wtoon/16235985020341.jpeg,jpeg
star-02.link,신입사원,2022-01-03 22:52:08,134일전,5,https://tkor.bike/data/file/wtoon/16295629187902.jpeg,jpeg
star-02.link,성실한 민혁씨,2022-01-03 22:52:08,133일전,51,https://tkor.bike/data/file/wtoon/2021/08/22/16296394179689.jpeg,jpeg
star-02.link,이차원 용병,2022-01-03 22:52:08,140일전,67,https://tkor.dog/data/file/wtoon/2021/07/23/16269680807287.jpeg,jpeg
star-02.link,팬티요정 미미미,2022-01-03 22:52:08,119일전,완결 후기,https://img.seewdwd5883.com/data/file/webtoonBK2/3798/6134C877522D8.jpg,jpg
star-02.link,애인셔틀,2022-01-03 22:52:08,140일전,77,https://tkor.dog/data/file/wtoon/2021/08/11/1628687804776.jpeg,jpeg
star-02.link,교수님을 빚는 중,2022-01-03 22:52:10,119일전,72,https://img.seewdwd5882.com/data/file/webtoonBK2/4412/6134CE29D89AD.jpg,jpg
star-02.link,듣기좋은꽃노래,2022-01-03 22:52:10,119일전,27,https://img.seewdwd5884.com/data/file/webtoonBK2/7211/6134752912897.jpg,jpg
star-02.link,사랑은 개싸움!,2022-01-03 22:52:10,119일전,45,https://img.imggmi0000.com/data/file/webtoonBK2/4219/6134C84A451D1.jpg,jpg
star-02.link,아싸가 알아버렸다,2022-01-03 22:52:10,119일전,48,https://img.seewdwd5882.com/data/file/webtoonBK2/4272/6134C89E1D957.jpg,jpg
star-02.link,파이게임,2022-01-03 22:52:11,98일전,67,https://tkor.click/data/file/wtoon/2021/09/26/16326682633203.jpeg,jpeg
star-02.link,롤랑롤랑,2022-01-03 22:52:11,109일전,148,https://tkor.golf/data/file/wtoon/2021/09/15/16317168317107.jpeg,jpeg
star-02.link,약점,2022-01-03 22:52:11,108일전,117,https://tkor.photo/data/file/wtoon/16318106255803.jpg,jpg
star-02.link,모락모락 왕세자님,2022-01-03 22:52:11,98일전,20,https://tkor.click/data/file/wtoon/2021/09/26/16326672532487.jpeg,jpeg
star-02.link,봄날의 팔광,2022-01-03 22:52:11,98일전,59,https://tkor.click/data/file/wtoon/2021/09/26/16326651602283.jpeg,jpeg
star-02.link,백호랑,2022-01-03 22:52:11,98일전,백호랑 74 어룡(漁龍) 2,https://tkor.click/data/file/wtoon/2021/09/26/16326673575792.jpeg,jpeg
star-02.link,꿈의 기업,2022-01-03 22:52:11,98일전,24,https://tkor.click/data/file/wtoon/2021/09/26/16326676645753.jpeg,jpeg
star-02.link,뷰티풀 군바리,2022-01-03 22:52:12,63일전,315,https://tkor.fish/data/file/wtoon/16356954339276.jpeg,jpeg
star-02.link,백수세끼,2022-01-03 22:52:11,98일전,95,https://tkor.click/data/file/wtoon/2021/09/26/16326677769854.jpeg,jpeg
star-02.link,유일무이 로맨스,2022-01-03 22:52:11,70일전,유일무이 로맨스 후기,https://tkor.cab/data/file/wtoon/16350907737825.jpeg,jpeg
star-02.link,평범한 8반,2022-01-03 22:52:11,98일전,39,https://tkor.click/data/file/wtoon/2021/09/26/16326674590039.jpeg,jpeg
star-02.link,유리의 성,2022-01-03 22:52:11,63일전,61,https://tkor.fish/data/file/wtoon/2021/10/31/16356694437571.jpeg,jpeg
star-02.link,커튼콜 아래그랑,2022-01-03 22:52:12,63일전,309,https://tkor.fish/data/file/wtoon/2021/10/31/16356881473845.jpeg,jpeg
star-02.link,아는 여자애,2022-01-03 22:52:11,63일전,37,https://tkor.fish/data/file/wtoon/2021/10/31/16356918142708.jpeg,jpeg
star-02.link,그 악녀를 조심하세요!,2022-01-03 22:52:11,84일전,91,https://tkor.tech/data/file/wtoon/2021/10/10/16338721888273.jpeg,jpeg
star-02.link,멋진 신세계,2022-01-03 22:52:12,56일전,121,https://tkor.black/data/file/wtoon/16363011705245.jpeg,jpeg
star-02.link,소르골 전기 - 천년전쟁,2022-01-03 22:52:12,35일전,180,https://tkor.coffee/data/file/wtoon/2021/11/26/16378566855919.jpeg,jpeg
star-02.link,망할 가문을 살려보겠습니다,2022-01-03 22:52:14,35일전,82,https://tkor.coffee/data/file/wtoon/2021/11/28/16381054146829.jpeg,jpeg
star-02.link,던전 속 사정,2022-01-03 22:52:14,21일전,91,https://tkor.store/data/file/wtoon/2021/12/10/16391454459944.jpeg,jpeg
star-02.link,황자님께 입덕합니다,2022-01-03 22:52:14,28일전,66,https://tkor.site/data/file/wtoon/2021/12/01/16383654149415.jpeg,jpeg
star-02.link,황녀의 생존법칙,2022-01-03 22:52:14,14일전,192,https://tkor.hair/data/file/wtoon/2021/12/19/16398412037002.jpeg,jpeg
star-02.link,현질해서 최강으로 레벨업,2022-01-03 22:52:14,14일전,125,https://tkor.hair/data/file/wtoon/2021/12/19/1639919055036.jpeg,jpeg
star-02.link,나는 될 놈이다,2022-01-03 22:52:14,14일전,115,https://tkor.hair/data/file/wtoon/2021/12/14/16394910391269.jpeg,jpeg
star-02.link,대귀갑사,2022-01-03 22:52:14,14일전,130,https://tkor.hair/data/file/wtoon/2021/12/18/16398082952327.jpeg,jpeg
star-02.link,어린그녀2 : 나의 선생님,2022-01-03 22:52:14,14일전,8,https://tkor.hair/data/file/wtoon/16399285104557.jpeg,jpeg
star-02.link,칼가는 소녀,2022-01-03 22:52:14,14일전,115,https://tkor.hair/data/file/wtoon/16399294485109.jpeg,jpeg
star-02.link,나는 이 집 아이,2022-01-03 22:52:15,7일전,139,https://tkor.tips/data/file/wtoon/2021/12/26/16405252696547.jpeg,jpeg
star-02.link,용이 비를 내리는 나라,2022-01-03 22:52:15,7일전,164,https://tkor.tips/data/file/wtoon/2021/12/26/16405263589139.jpeg,jpeg
star-02.link,장씨세가 호위무사,2022-01-03 22:52:15,7일전,137,https://tkor.tips/data/file/wtoon/2021/12/26/16405285951147.jpeg,jpeg
star-02.link,묵향 다크레이디,2022-01-03 22:52:15,7일전,127,https://tkor.tips/data/file/wtoon/2021/12/26/1640524198957.jpeg,jpeg
star-02.link,이건 명백한 사기결혼이다,2022-01-03 22:52:15,7일전,97,https://tkor.tips/data/file/wtoon/2021/12/26/16405253543087.jpeg,jpeg
star-02.link,신의 탑,2022-01-03 22:52:15,7일전,106,https://tkor.tips/data/file/wtoon/16405345611801.jpeg,jpeg
star-02.link,후궁계약,2022-01-03 22:52:15,7일전,109,https://tkor.tips/data/file/wtoon/2021/12/26/16405278782948.jpeg,jpeg
star-02.link,소년의 신성,2022-01-03 22:52:16,7일전,167,https://tkor.tips/data/file/wtoon/2021/12/26/16405228476257.jpeg,jpeg
star-02.link,여왕 쎄시아의 반바지,2022-01-03 22:52:17,7일전,78,https://tkor.tips/data/file/wtoon/16405312555053.jpeg,jpeg
star-02.link,정령의 펜던트,2022-01-03 22:52:17,7일전,136,https://tkor.tips/data/file/wtoon/2021/12/26/16405257777929.jpeg,jpeg
star-02.link,롱리브더킹,2022-01-03 22:52:17,7일전,115,https://tkor.tips/data/file/wtoon/2021/12/26/16405291920506.jpeg,jpeg
star-02.link,엄마는 여대생 [투믹스],2022-01-03 22:52:17,7일전,111,https://tkor.tips/data/file/wtoon/1640533031026.jpeg,jpeg
star-02.link,카르세아린,2022-01-03 22:52:17,7일전,83,https://tkor.tips/data/file/wtoon/2021/12/26/16405264683861.jpeg,jpeg
star-02.link,양극의 소년,2022-01-03 22:52:17,7일전,152,https://tkor.tips/data/file/wtoon/2021/12/26/16405003581404.jpeg,jpeg
star-02.link,앵무살수,2022-01-03 22:52:18,7일전,32,https://tkor.tips/data/file/wtoon/2021/12/26/16405295174958.jpeg,jpeg
star-02.link,소녀의 세계,2022-01-03 22:52:18,7일전,82,https://tkor.tips/data/file/wtoon/2021/12/26/16405282305116.jpeg,jpeg
star-02.link,랜덤채팅의 그녀!,2022-01-03 22:52:18,6일전,214,https://tkor.tips/data/file/wtoon/2021/12/27/1640616131905.jpeg,jpeg
hosturl,webtoonName,crawltime,updatetime,episode,file_urls,extension
hosturl,webtoonName,crawltime,updatetime,episode,file_urls,extension
sure-02.link,소녀의 세계,2022-01-03 22:57:16,7일전,82,https://tkor.tips/data/file/wtoon/2021/12/26/16405282305116.jpeg,jpeg
sure-02.link,묵향 다크레이디,2022-01-03 22:57:16,7일전,127,https://tkor.tips/data/file/wtoon/2021/12/26/1640524198957.jpeg,jpeg
sure-02.link,장씨세가 호위무사,2022-01-03 22:57:16,7일전,137,https://tkor.tips/data/file/wtoon/2021/12/26/16405285951147.jpeg,jpeg
sure-02.link,영원지존,2022-01-03 22:57:16,7일전,249,https://tkor.tips/data/file/wtoon/1640533352052.jpeg,jpeg
sure-02.link,이건 명백한 사기결혼이다,2022-01-03 22:57:16,7일전,97,https://tkor.tips/data/file/wtoon/2021/12/26/16405253543087.jpeg,jpeg
sure-02.link,후궁계약,2022-01-03 22:57:17,7일전,109,https://tkor.tips/data/file/wtoon/2021/12/26/16405278782948.jpeg,jpeg
sure-02.link,용이 비를 내리는 나라,2022-01-03 22:57:17,7일전,164,https://tkor.tips/data/file/wtoon/2021/12/26/16405263589139.jpeg,jpeg
sure-02.link,여왕 쎄시아의 반바지,2022-01-03 22:57:17,7일전,78,https://tkor.tips/data/file/wtoon/16405312555053.jpeg,jpeg
sure-02.link,소년의 신성,2022-01-03 22:57:17,7일전,167,https://tkor.tips/data/file/wtoon/2021/12/26/16405228476257.jpeg,jpeg
sure-02.link,나는 이 집 아이,2022-01-03 22:57:17,7일전,139,https://tkor.tips/data/file/wtoon/2021/12/26/16405252696547.jpeg,jpeg
sure-02.link,카르세아린,2022-01-03 22:57:17,7일전,83,https://tkor.tips/data/file/wtoon/2021/12/26/16405264683861.jpeg,jpeg
sure-02.link,정령의 펜던트,2022-01-03 22:57:17,7일전,136,https://tkor.tips/data/file/wtoon/2021/12/26/16405257777929.jpeg,jpeg
sure-02.link,양극의 소년,2022-01-03 22:57:17,7일전,152,https://tkor.tips/data/file/wtoon/2021/12/26/16405003581404.jpeg,jpeg
sure-02.link,신의 탑,2022-01-03 22:57:17,7일전,106,https://tkor.tips/data/file/wtoon/16405345611801.jpeg,jpeg
sure-02.link,앵무살수,2022-01-03 22:57:17,7일전,32,https://tkor.tips/data/file/wtoon/2021/12/26/16405295174958.jpeg,jpeg
sure-02.link,엄마는 여대생 [투믹스],2022-01-03 22:57:18,7일전,111,https://tkor.tips/data/file/wtoon/1640533031026.jpeg,jpeg
sure-02.link,롱리브더킹,2022-01-03 22:57:18,7일전,115,https://tkor.tips/data/file/wtoon/2021/12/26/16405291920506.jpeg,jpeg
hosturl,webtoonName,crawltime,updatetime,episode,file_urls,extension
hosturl,webtoonName,crawltime,updatetime,episode,file_urls,extension
hosturl,webtoonName,crawltime,updatetime,episode,file_urls,extension
hosturl,webtoonName,crawltime,updatetime,episode,file_urls,extension
tkor.house,바다의 그림자,2022-01-03 23:23:43,"Mon, 03 Jan 2022 23:23:43 +0900",12,https://tkor.house/data/file/wtoon/16412198321261.jpeg,jpeg
tkor.house,대선비쇼에 어서오세요!,2022-01-03 23:23:43,"Mon, 03 Jan 2022 23:23:16 +0900",73,https://tkor.house/data/file/wtoon/16412198087163.jpeg,jpeg
tkor.house,익애 ~봉황애사~,2022-01-03 23:23:43,"Mon, 03 Jan 2022 23:20:52 +0900",129,https://tkor.house/data/file/wtoon/16412196650303.jpeg,jpeg
tkor.house,버그트레인,2022-01-03 23:23:43,"Mon, 03 Jan 2022 23:18:37 +0900",44,https://tkor.house/data/file/wtoon/1641219571166.jpeg,jpeg
tkor.house,아싸클럽,2022-01-03 23:23:43,"Mon, 03 Jan 2022 23:19:38 +0900",81,https://tkor.house/data/file/wtoon/16412195985612.jpeg,jpeg
tkor.house,해피하우스,2022-01-03 23:23:43,"Mon, 03 Jan 2022 23:19:53 +0900",29,https://tkor.house/data/file/wtoon/16412196042786.jpeg,jpeg
tkor.house,뱀파이어 신드롬,2022-01-03 23:23:43,"Mon, 03 Jan 2022 23:18:17 +0900",71,https://tkor.house/data/file/wtoon/16412195056026.jpeg,jpeg
tkor.house,그녀의 앵무새,2022-01-03 23:23:43,"Mon, 03 Jan 2022 23:17:48 +0900",77,https://tkor.house/data/file/wtoon/16412194819113.jpeg,jpeg
tkor.house,태상교주 숙수되다,2022-01-03 23:23:43,"Mon, 03 Jan 2022 23:17:22 +0900",14,https://tkor.house/data/file/wtoon/16412194572162.jpeg,jpeg
tkor.house,태상교주 숙수되다,2022-01-03 23:23:43,"Mon, 03 Jan 2022 23:16:26 +0900",13,https://tkor.house/data/file/wtoon/16412194128091.jpeg,jpeg
tkor.house,태상교주 숙수되다,2022-01-03 23:23:43,"Mon, 03 Jan 2022 23:15:34 +0900",12,https://tkor.house/data/file/wtoon/16412193586605.jpeg,jpeg
tkor.house,태상교주 숙수되다,2022-01-03 23:23:43,"Mon, 03 Jan 2022 23:14:47 +0900",11,https://tkor.house/data/file/wtoon/16412193095018.jpeg,jpeg
tkor.house,완벽한 연애,2022-01-03 23:23:43,"Mon, 03 Jan 2022 23:14:40 +0900",24,https://tkor.house/data/file/wtoon/16412192955095.jpeg,jpeg
tkor.house,주인님이라 부르지 마!,2022-01-03 23:23:43,"Mon, 03 Jan 2022 23:14:14 +0900",74,https://tkor.house/data/file/wtoon/16412192704805.jpeg,jpeg
tkor.house,신데렐라 리미트,2022-01-03 23:23:43,"Mon, 03 Jan 2022 23:13:18 +0900",29,https://tkor.house/data/file/wtoon/164121920561.jpeg,jpeg
tkor.house,부서진 성좌의 회귀,2022-01-03 23:23:43,"Mon, 03 Jan 2022 23:12:16 +0900",15,https://tkor.house/data/file/wtoon/16412191678524.jpeg,jpeg
tkor.house,교화하라,2022-01-03 23:23:43,"Mon, 03 Jan 2022 23:11:29 +0900",34,https://tkor.house/data/file/wtoon/16412191038995.jpeg,jpeg
hosturl,webtoonName,crawltime,updatetime,episode,file_urls,extension
tkor.house,1을 줄게,2022-01-03 23:26:32,"Mon, 03 Jan 2022 23:26:11 +0900",15,https://tkor.house/data/file/wtoon/16412199884869.jpeg,jpeg
tkor.house,100 8- 많이 녹슬었군,2022-01-03 23:26:32,"Mon, 03 Jan 2022 23:25:20 +0900",녹슬었군,https://tkor.house/data/file/wtoon/1641219941804.jpeg,jpeg
tkor.house,하드오피스,2022-01-03 23:26:32,"Mon, 03 Jan 2022 23:24:42 +0900",7,https://tkor.house/data/file/wtoon/16412199003046.jpeg,jpeg
tkor.house,사육액정,2022-01-03 23:26:32,"Mon, 03 Jan 2022 23:24:04 +0900",19,https://tkor.house/data/file/wtoon/16412198631909.jpeg,jpeg
tkor.house,바다의 그림자,2022-01-03 23:26:32,"Mon, 03 Jan 2022 23:23:43 +0900",12,https://tkor.house/data/file/wtoon/16412198321261.jpeg,jpeg
tkor.house,대선비쇼에 어서오세요!,2022-01-03 23:26:32,"Mon, 03 Jan 2022 23:23:16 +0900",73,https://tkor.house/data/file/wtoon/16412198087163.jpeg,jpeg
tkor.house,익애 ~봉황애사~,2022-01-03 23:26:32,"Mon, 03 Jan 2022 23:20:52 +0900",129,https://tkor.house/data/file/wtoon/16412196650303.jpeg,jpeg
tkor.house,버그트레인,2022-01-03 23:26:32,"Mon, 03 Jan 2022 23:18:37 +0900",44,https://tkor.house/data/file/wtoon/1641219571166.jpeg,jpeg
tkor.house,아싸클럽,2022-01-03 23:26:32,"Mon, 03 Jan 2022 23:19:38 +0900",81,https://tkor.house/data/file/wtoon/16412195985612.jpeg,jpeg
tkor.house,해피하우스,2022-01-03 23:26:32,"Mon, 03 Jan 2022 23:19:53 +0900",29,https://tkor.house/data/file/wtoon/16412196042786.jpeg,jpeg
tkor.house,뱀파이어 신드롬,2022-01-03 23:26:32,"Mon, 03 Jan 2022 23:18:17 +0900",71,https://tkor.house/data/file/wtoon/16412195056026.jpeg,jpeg
tkor.house,그녀의 앵무새,2022-01-03 23:26:32,"Mon, 03 Jan 2022 23:17:48 +0900",77,https://tkor.house/data/file/wtoon/16412194819113.jpeg,jpeg
tkor.house,태상교주 숙수되다,2022-01-03 23:26:32,"Mon, 03 Jan 2022 23:17:22 +0900",14,https://tkor.house/data/file/wtoon/16412194572162.jpeg,jpeg
tkor.house,태상교주 숙수되다,2022-01-03 23:26:32,"Mon, 03 Jan 2022 23:16:26 +0900",13,https://tkor.house/data/file/wtoon/16412194128091.jpeg,jpeg
tkor.house,태상교주 숙수되다,2022-01-03 23:26:32,"Mon, 03 Jan 2022 23:15:34 +0900",12,https://tkor.house/data/file/wtoon/16412193586605.jpeg,jpeg
tkor.house,태상교주 숙수되다,2022-01-03 23:26:32,"Mon, 03 Jan 2022 23:14:47 +0900",11,https://tkor.house/data/file/wtoon/16412193095018.jpeg,jpeg
tkor.house,완벽한 연애,2022-01-03 23:26:32,"Mon, 03 Jan 2022 23:14:40 +0900",24,https://tkor.house/data/file/wtoon/16412192955095.jpeg,jpeg
tkor.house,주인님이라 부르지 마!,2022-01-03 23:26:32,"Mon, 03 Jan 2022 23:14:14 +0900",74,https://tkor.house/data/file/wtoon/16412192704805.jpeg,jpeg
tkor.house,신데렐라 리미트,2022-01-03 23:26:32,"Mon, 03 Jan 2022 23:13:18 +0900",29,https://tkor.house/data/file/wtoon/164121920561.jpeg,jpeg
tkor.house,부서진 성좌의 회귀,2022-01-03 23:26:32,"Mon, 03 Jan 2022 23:12:16 +0900",15,https://tkor.house/data/file/wtoon/16412191678524.jpeg,jpeg
tkor.house,교화하라,2022-01-03 23:26:32,"Mon, 03 Jan 2022 23:11:29 +0900",34,https://tkor.house/data/file/wtoon/16412191038995.jpeg,jpeg
tkor.house,환상의 아이들 1부 후기,2022-01-03 23:26:32,"Mon, 03 Jan 2022 23:11:10 +0900",후기,https://tkor.house/data/file/wtoon/16412190807894.jpeg,jpeg
tkor.house,여우신랑,2022-01-03 23:26:32,"Mon, 03 Jan 2022 23:10:31 +0900",6,https://tkor.house/data/file/wtoon/16412190503261.jpeg,jpeg
tkor.house,굿나잇 신데렐라,2022-01-03 23:26:32,"Mon, 03 Jan 2022 23:10:06 +0900",11,https://tkor.house/data/file/wtoon/16412190169229.jpeg,jpeg
tkor.house,Let it be(렛잇비),2022-01-03 23:26:32,"Mon, 03 Jan 2022 23:09:29 +0900",37,https://tkor.house/data/file/wtoon/16412189835935.jpeg,jpeg
tkor.house,우주를 삼킨 별,2022-01-03 23:26:32,"Mon, 03 Jan 2022 23:08:07 +0900",18,https://tkor.house/data/file/wtoon/16412188961651.jpeg,jpeg
tkor.house,왜란종결자,2022-01-03 23:26:32,"Mon, 03 Jan 2022 23:07:31 +0900",85,https://tkor.house/data/file/wtoon/1641218869891.jpeg,jpeg
tkor.house,"시선 끝, 30도",2022-01-03 23:26:32,"Mon, 03 Jan 2022 23:07:05 +0900",9,https://tkor.house/data/file/wtoon/16412188380354.jpeg,jpeg
tkor.house,사업왕 심길후,2022-01-03 23:26:32,"Mon, 03 Jan 2022 23:06:34 +0900",120,https://tkor.house/data/file/wtoon/16412188070269.jpeg,jpeg
tkor.house,무역: 운명을 거스르다,2022-01-03 23:26:32,"Mon, 03 Jan 2022 23:06:08 +0900",54,https://tkor.house/data/file/wtoon/16412187838485.jpeg,jpeg
tkor.house,무역: 운명을 거스르다,2022-01-03 23:26:32,"Mon, 03 Jan 2022 23:05:36 +0900",53,https://tkor.house/data/file/wtoon/16412187505777.jpeg,jpeg
tkor.house,론의 지배자: 회귀하여 세상을 삼키다,2022-01-03 23:26:32,"Mon, 03 Jan 2022 23:05:06 +0900",78,https://tkor.house/data/file/wtoon/16412187201346.jpeg,jpeg
tkor.house,론의 지배자: 회귀하여 세상을 삼키다,2022-01-03 23:26:32,"Mon, 03 Jan 2022 23:04:29 +0900",77,https://tkor.house/data/file/wtoon/16412186855415.jpeg,jpeg
tkor.house,도둑의 별,2022-01-03 23:26:32,"Mon, 03 Jan 2022 23:04:00 +0900",3,https://tkor.house/data/file/wtoon/16412186500969.jpeg,jpeg
tkor.house,잘 자 내 꿈 꿔,2022-01-03 23:26:32,"Mon, 03 Jan 2022 23:03:31 +0900",105,https://tkor.house/data/file/wtoon/16412186231467.jpeg,jpeg
tkor.house,구독한 식탁,2022-01-03 23:26:32,"Mon, 03 Jan 2022 23:03:37 +0900",18,https://tkor.house/data/file/wtoon/16412186277028.jpeg,jpeg
tkor.house,악마의 편집,2022-01-03 23:26:32,"Mon, 03 Jan 2022 23:03:09 +0900",41,https://tkor.house/data/file/wtoon/16412185996816.jpeg,jpeg
tkor.house,신랑이 사라졌다,2022-01-03 23:26:32,"Mon, 03 Jan 2022 23:02:41 +0900",46,https://tkor.house/data/file/wtoon/16412185739216.jpeg,jpeg
tkor.house,레이디 스칼렛,2022-01-03 23:26:32,"Mon, 03 Jan 2022 23:01:54 +0900",32,https://tkor.house/data/file/wtoon/1641218536954.jpeg,jpeg
tkor.house,프로야구 생존기,2022-01-03 23:26:32,"Mon, 03 Jan 2022 23:00:26 +0900",205,https://tkor.house/data/file/wtoon/16412184371257.jpeg,jpeg
tkor.house,천존! 도시에 재림하다,2022-01-03 23:26:32,"Mon, 03 Jan 2022 22:59:33 +0900",145,https://tkor.house/data/file/wtoon/16412183929193.jpeg,jpeg
tkor.house,언포기버블,2022-01-03 23:26:32,"Mon, 03 Jan 2022 22:58:55 +0900",34,https://tkor.house/data/file/wtoon/16412183500419.jpeg,jpeg
tkor.house,리버설,2022-01-03 23:26:32,"Mon, 03 Jan 2022 22:58:24 +0900",7,https://tkor.house/data/file/wtoon/16412183125285.jpeg,jpeg
tkor.house,파멸의 공주님,2022-01-03 23:26:32,"Mon, 03 Jan 2022 22:57:03 +0900",36,https://tkor.house/data/file/wtoon/16412182443513.jpeg,jpeg
tkor.house,엑스텐,2022-01-03 23:26:32,"Mon, 03 Jan 2022 22:56:28 +0900",20,https://tkor.house/data/file/wtoon/16412182057556.jpeg,jpeg
tkor.house,스마트폰 중독자,2022-01-03 23:26:32,"Mon, 03 Jan 2022 22:55:59 +0900",50,https://tkor.house/data/file/wtoon/16412181739457.jpeg,jpeg
tkor.house,기프트,2022-01-03 23:26:32,"Mon, 03 Jan 2022 22:55:39 +0900",32,https://tkor.house/data/file/wtoon/16412181498893.jpeg,jpeg
tkor.house,주재삼계,2022-01-03 23:26:32,"Mon, 03 Jan 2022 22:54:41 +0900",108,https://tkor.house/data/file/wtoon/16412180989716.jpeg,jpeg
tkor.house,인별당,2022-01-03 23:26:32,"Mon, 03 Jan 2022 22:53:52 +0900",30,https://tkor.house/data/file/wtoon/16412180524158.jpeg,jpeg
tkor.house,악한 기사,2022-01-03 23:26:32,"Mon, 03 Jan 2022 22:53:11 +0900",99,https://tkor.house/data/file/wtoon/16412180108936.jpeg,jpeg
tkor.house,맛볼 수 없는 남자,2022-01-03 23:26:32,"Mon, 03 Jan 2022 22:52:41 +0900",36,https://tkor.house/data/file/wtoon/16412179757599.jpeg,jpeg
tkor.house,화폐개혁 마늘은행편,2022-01-03 23:26:32,"Mon, 03 Jan 2022 22:52:19 +0900",22,https://tkor.house/data/file/wtoon/16412179470992.jpeg,jpeg
tkor.house,은빛마계왕,2022-01-03 23:26:32,"Mon, 03 Jan 2022 22:51:44 +0900",69,https://tkor.house/data/file/wtoon/16412179212429.jpeg,jpeg
tkor.house,그 아가씨의 집사님,2022-01-03 23:26:32,"Mon, 03 Jan 2022 22:51:09 +0900",78,https://tkor.house/data/file/wtoon/16412178867246.jpeg,jpeg
tkor.house,개목걸이(다음),2022-01-03 23:26:32,"Mon, 03 Jan 2022 22:50:39 +0900",62,https://tkor.house/data/file/wtoon/1641217854061.jpeg,jpeg
tkor.house,전신귀환,2022-01-03 23:26:32,"Mon, 03 Jan 2022 22:49:02 +0900",125,https://tkor.house/data/file/wtoon/16412177571565.jpeg,jpeg
tkor.house,사랑하는 존재,2022-01-03 23:26:32,"Mon, 03 Jan 2022 22:48:39 +0900",79,https://tkor.house/data/file/wtoon/16412177320564.jpeg,jpeg
tkor.house,불사무적,2022-01-03 23:26:32,"Mon, 03 Jan 2022 22:47:55 +0900",204,https://tkor.house/data/file/wtoon/16412176939685.jpeg,jpeg
tkor.house,검역창궁,2022-01-03 23:26:32,"Mon, 03 Jan 2022 22:47:24 +0900",178,https://tkor.house/data/file/wtoon/16412176597998.jpeg,jpeg
tkor.house,검역창궁,2022-01-03 23:26:32,"Mon, 03 Jan 2022 22:46:55 +0900",177,https://tkor.house/data/file/wtoon/1641217630353.jpeg,jpeg
tkor.house,트리거 시즌2,2022-01-03 23:26:32,"Mon, 03 Jan 2022 22:45:38 +0900",52,https://tkor.house/data/file/wtoon/16412175630294.jpeg,jpeg
tkor.house,재앙급 사도와 12인의 신부 후보,2022-01-03 23:26:32,"Mon, 03 Jan 2022 22:44:44 +0900",99,https://tkor.house/data/file/wtoon/16412174975486.jpeg,jpeg
tkor.house,악녀의 애완동물 외전,2022-01-03 23:26:32,"Mon, 03 Jan 2022 22:44:01 +0900",11,https://tkor.house/data/file/wtoon/16412174629467.jpeg,jpeg
tkor.house,너를 만나다,2022-01-03 23:26:32,"Mon, 03 Jan 2022 22:43:33 +0900",68,https://tkor.house/data/file/wtoon/16412174252807.jpeg,jpeg
tkor.house,아이리스 - 스마트폰을 든 레이디,2022-01-03 23:26:32,"Mon, 03 Jan 2022 22:43:36 +0900",132,https://tkor.house/data/file/wtoon/16412174255134.jpeg,jpeg
tkor.house,무인이곽,2022-01-03 23:26:32,"Mon, 03 Jan 2022 22:42:59 +0900",67,https://tkor.house/data/file/wtoon/16412173984705.jpeg,jpeg
tkor.house,디어 마이 프렌드,2022-01-03 23:26:32,"Mon, 03 Jan 2022 22:42:23 +0900",27,https://tkor.house/data/file/wtoon/16412173622654.jpeg,jpeg
tkor.house,대군으로 살어리랏다,2022-01-03 23:26:32,"Mon, 03 Jan 2022 22:41:37 +0900",72,https://tkor.house/data/file/wtoon/16412173204051.jpeg,jpeg
tkor.house,절세전혼,2022-01-03 23:26:32,"Mon, 03 Jan 2022 22:39:55 +0900",71,https://tkor.house/data/file/wtoon/16412172210296.jpeg,jpeg
tkor.house,용사의 전 여친입니다,2022-01-03 23:26:32,"Mon, 03 Jan 2022 22:39:26 +0900",86,https://tkor.house/data/file/wtoon/16412171797378.jpeg,jpeg
tkor.house,나의 자리,2022-01-03 23:26:32,"Mon, 03 Jan 2022 22:38:39 +0900",35,https://tkor.house/data/file/wtoon/16412171420485.jpeg,jpeg
tkor.house,괴,2022-01-03 23:26:32,"Mon, 03 Jan 2022 22:37:57 +0900",312,https://tkor.house/data/file/wtoon/16412170979886.jpeg,jpeg
tkor.house,원존: 용의 비상,2022-01-03 23:26:32,"Mon, 03 Jan 2022 22:37:50 +0900",306,https://tkor.house/data/file/wtoon/16412170870427.jpeg,jpeg
tkor.house,빅 라이프,2022-01-03 23:26:32,"Mon, 03 Jan 2022 22:37:22 +0900",116,https://tkor.house/data/file/wtoon/16412170551843.jpeg,jpeg
tkor.house,못난이 공녀가 되었습니다,2022-01-03 23:26:32,"Mon, 03 Jan 2022 22:36:28 +0900",59,https://tkor.house/data/file/wtoon/16412170141319.jpeg,jpeg
tkor.house,나는 남주의 전 여친이었다,2022-01-03 23:26:32,"Mon, 03 Jan 2022 22:35:48 +0900",55,https://tkor.house/data/file/wtoon/16412169667495.jpeg,jpeg
tkor.house,집으로 돌려보내 주세요,2022-01-03 23:26:32,"Mon, 03 Jan 2022 22:34:32 +0900",31,https://tkor.house/data/file/wtoon/16412168831116.jpeg,jpeg
tkor.house,빅앤빅,2022-01-03 23:26:32,"Mon, 03 Jan 2022 22:33:56 +0900",31,https://tkor.house/data/file/wtoon/16412168552263.jpeg,jpeg
tkor.house,마른 가지의 라가,2022-01-03 23:26:32,"Mon, 03 Jan 2022 22:33:15 +0900",27,https://tkor.house/data/file/wtoon/16412168139229.jpeg,jpeg
tkor.house,리더(Reader)-읽는자,2022-01-03 23:26:32,"Mon, 03 Jan 2022 22:32:38 +0900",157,https://tkor.house/data/file/wtoon/16412167765507.jpeg,jpeg
tkor.house,흑막의 목줄을 놓쳐버렸다,2022-01-03 23:26:32,"Mon, 03 Jan 2022 22:32:24 +0900",30,https://tkor.house/data/file/wtoon/16412167609471.jpeg,jpeg
tkor.house,우아한 야만의 바다,2022-01-03 23:26:32,"Mon, 03 Jan 2022 22:31:55 +0900",33,https://tkor.house/data/file/wtoon/16412167299903.jpeg,jpeg
tkor.house,슈공녀 27회,2022-01-03 23:26:32,"Mon, 03 Jan 2022 22:31:23 +0900",27회,https://tkor.house/data/file/wtoon/16412166999903.jpeg,jpeg
tkor.house,던전 마제스티,2022-01-03 23:26:32,"Mon, 03 Jan 2022 22:30:48 +0900",113,https://tkor.house/data/file/wtoon/16412166661838.jpeg,jpeg
tkor.house,이세계의 지존 플레이어,2022-01-03 23:26:32,"Mon, 03 Jan 2022 22:29:00 +0900",109,https://tkor.house/data/file/wtoon/16412165543896.jpeg,jpeg
tkor.house,우리집이거든요!,2022-01-03 23:26:32,"Mon, 03 Jan 2022 22:28:35 +0900",131,https://tkor.house/data/file/wtoon/16412165270384.jpeg,jpeg
tkor.house,악녀는 두 번 산다,2022-01-03 23:26:32,"Mon, 03 Jan 2022 22:27:50 +0900",97,https://tkor.house/data/file/wtoon/16412164899736.jpeg,jpeg
tkor.house,더 이상 사랑하지 않는다,2022-01-03 23:26:32,"Mon, 03 Jan 2022 22:27:13 +0900",55,https://tkor.house/data/file/wtoon/16412164495248.jpeg,jpeg
tkor.house,에스티오,2022-01-03 23:26:32,"Mon, 03 Jan 2022 22:26:58 +0900",20,https://tkor.house/data/file/wtoon/16412164328137.jpeg,jpeg
tkor.house,빈껍데기 공작부인,2022-01-03 23:26:32,"Mon, 03 Jan 2022 22:26:18 +0900",96,https://tkor.house/data/file/wtoon/16412163966009.jpeg,jpeg
tkor.house,미성년,2022-01-03 23:26:32,"Mon, 03 Jan 2022 22:25:35 +0900",64,https://tkor.house/data/file/wtoon/16412163522021.jpeg,jpeg
tkor.house,"그것들, 내 인생에서 삭제합니다",2022-01-03 23:26:32,"Mon, 03 Jan 2022 22:24:55 +0900",33,https://tkor.house/data/file/wtoon/16412163140325.jpeg,jpeg
tkor.house,지옥사원,2022-01-03 23:26:32,"Mon, 03 Jan 2022 22:23:45 +0900",211,https://tkor.house/data/file/wtoon/16412162359756.jpeg,jpeg
tkor.house,로열 셰프 영애님,2022-01-03 23:26:32,"Mon, 03 Jan 2022 22:23:04 +0900",52,https://tkor.house/data/file/wtoon/16412162004061.jpeg,jpeg
tkor.house,남주의 엄마가 되어버렸다,2022-01-03 23:26:32,"Mon, 03 Jan 2022 22:22:24 +0900",49,https://tkor.house/data/file/wtoon/16412161639559.jpeg,jpeg
tkor.house,갇혀있다,2022-01-03 23:26:32,"Mon, 03 Jan 2022 22:21:33 +0900",25,https://tkor.house/data/file/wtoon/164121610849.jpeg,jpeg
tkor.house,학사귀환,2022-01-03 23:26:32,"Mon, 03 Jan 2022 22:21:16 +0900",94,https://tkor.house/data/file/wtoon/16412160966839.jpeg,jpeg
tkor.house,엔젤릭 레이디,2022-01-03 23:26:32,"Mon, 03 Jan 2022 22:20:37 +0900",69,https://tkor.house/data/file/wtoon/16412160574062.jpeg,jpeg
tkor.house,미운 노새 이야기,2022-01-03 23:26:32,"Mon, 03 Jan 2022 22:19:56 +0900",60,https://tkor.house/data/file/wtoon/16412160165894.jpeg,jpeg
tkor.house,그 오토메 게임의 배드엔딩,2022-01-03 23:26:32,"Mon, 03 Jan 2022 22:19:22 +0900",24,https://tkor.house/data/file/wtoon/16412159791228.jpeg,jpeg
hosturl,webtoonName,crawltime,updatetime,episode,file_urls,extension
tkor.house,NG불가,2022-01-03 23:29:11,"Mon, 03 Jan 2022 23:28:25 +0900",32,https://tkor.house/data/file/wtoon/1641220126054.jpeg,jpeg
tkor.house,전직 법사,2022-01-03 23:29:11,"Mon, 03 Jan 2022 23:27:47 +0900",604,https://tkor.house/data/file/wtoon/16412200843921.jpeg,jpeg
tkor.house,1을 줄게,2022-01-03 23:29:11,"Mon, 03 Jan 2022 23:26:11 +0900",15,https://tkor.house/data/file/wtoon/16412199884869.jpeg,jpeg
tkor.house,100 8- 많이 녹슬었군,2022-01-03 23:29:11,"Mon, 03 Jan 2022 23:25:20 +0900",녹슬었군,https://tkor.house/data/file/wtoon/1641219941804.jpeg,jpeg
tkor.house,하드오피스,2022-01-03 23:29:11,"Mon, 03 Jan 2022 23:24:42 +0900",7,https://tkor.house/data/file/wtoon/16412199003046.jpeg,jpeg
tkor.house,사육액정,2022-01-03 23:29:11,"Mon, 03 Jan 2022 23:24:04 +0900",19,https://tkor.house/data/file/wtoon/16412198631909.jpeg,jpeg
tkor.house,바다의 그림자,2022-01-03 23:29:11,"Mon, 03 Jan 2022 23:23:43 +0900",12,https://tkor.house/data/file/wtoon/16412198321261.jpeg,jpeg
tkor.house,대선비쇼에 어서오세요!,2022-01-03 23:29:11,"Mon, 03 Jan 2022 23:23:16 +0900",73,https://tkor.house/data/file/wtoon/16412198087163.jpeg,jpeg
tkor.house,익애 ~봉황애사~,2022-01-03 23:29:11,"Mon, 03 Jan 2022 23:20:52 +0900",129,https://tkor.house/data/file/wtoon/16412196650303.jpeg,jpeg
tkor.house,버그트레인,2022-01-03 23:29:11,"Mon, 03 Jan 2022 23:18:37 +0900",44,https://tkor.house/data/file/wtoon/1641219571166.jpeg,jpeg
tkor.house,아싸클럽,2022-01-03 23:29:11,"Mon, 03 Jan 2022 23:19:38 +0900",81,https://tkor.house/data/file/wtoon/16412195985612.jpeg,jpeg
tkor.house,해피하우스,2022-01-03 23:29:11,"Mon, 03 Jan 2022 23:19:53 +0900",29,https://tkor.house/data/file/wtoon/16412196042786.jpeg,jpeg
tkor.house,뱀파이어 신드롬,2022-01-03 23:29:11,"Mon, 03 Jan 2022 23:18:17 +0900",71,https://tkor.house/data/file/wtoon/16412195056026.jpeg,jpeg
tkor.house,그녀의 앵무새,2022-01-03 23:29:11,"Mon, 03 Jan 2022 23:17:48 +0900",77,https://tkor.house/data/file/wtoon/16412194819113.jpeg,jpeg
tkor.house,태상교주 숙수되다,2022-01-03 23:29:11,"Mon, 03 Jan 2022 23:17:22 +0900",14,https://tkor.house/data/file/wtoon/16412194572162.jpeg,jpeg
tkor.house,태상교주 숙수되다,2022-01-03 23:29:11,"Mon, 03 Jan 2022 23:16:26 +0900",13,https://tkor.house/data/file/wtoon/16412194128091.jpeg,jpeg
tkor.house,태상교주 숙수되다,2022-01-03 23:29:11,"Mon, 03 Jan 2022 23:15:34 +0900",12,https://tkor.house/data/file/wtoon/16412193586605.jpeg,jpeg
tkor.house,태상교주 숙수되다,2022-01-03 23:29:11,"Mon, 03 Jan 2022 23:14:47 +0900",11,https://tkor.house/data/file/wtoon/16412193095018.jpeg,jpeg
tkor.house,완벽한 연애,2022-01-03 23:29:11,"Mon, 03 Jan 2022 23:14:40 +0900",24,https://tkor.house/data/file/wtoon/16412192955095.jpeg,jpeg
tkor.house,주인님이라 부르지 마!,2022-01-03 23:29:11,"Mon, 03 Jan 2022 23:14:14 +0900",74,https://tkor.house/data/file/wtoon/16412192704805.jpeg,jpeg
tkor.house,신데렐라 리미트,2022-01-03 23:29:11,"Mon, 03 Jan 2022 23:13:18 +0900",29,https://tkor.house/data/file/wtoon/164121920561.jpeg,jpeg
tkor.house,부서진 성좌의 회귀,2022-01-03 23:29:11,"Mon, 03 Jan 2022 23:12:16 +0900",15,https://tkor.house/data/file/wtoon/16412191678524.jpeg,jpeg
tkor.house,교화하라,2022-01-03 23:29:11,"Mon, 03 Jan 2022 23:11:29 +0900",34,https://tkor.house/data/file/wtoon/16412191038995.jpeg,jpeg
tkor.house,환상의 아이들 1부 후기,2022-01-03 23:29:11,"Mon, 03 Jan 2022 23:11:10 +0900",후기,https://tkor.house/data/file/wtoon/16412190807894.jpeg,jpeg
tkor.house,여우신랑,2022-01-03 23:29:11,"Mon, 03 Jan 2022 23:10:31 +0900",6,https://tkor.house/data/file/wtoon/16412190503261.jpeg,jpeg
tkor.house,굿나잇 신데렐라,2022-01-03 23:29:11,"Mon, 03 Jan 2022 23:10:06 +0900",11,https://tkor.house/data/file/wtoon/16412190169229.jpeg,jpeg
tkor.house,Let it be(렛잇비),2022-01-03 23:29:11,"Mon, 03 Jan 2022 23:09:29 +0900",37,https://tkor.house/data/file/wtoon/16412189835935.jpeg,jpeg
tkor.house,우주를 삼킨 별,2022-01-03 23:29:11,"Mon, 03 Jan 2022 23:08:07 +0900",18,https://tkor.house/data/file/wtoon/16412188961651.jpeg,jpeg
tkor.house,왜란종결자,2022-01-03 23:29:11,"Mon, 03 Jan 2022 23:07:31 +0900",85,https://tkor.house/data/file/wtoon/1641218869891.jpeg,jpeg
tkor.house,"시선 끝, 30도",2022-01-03 23:29:11,"Mon, 03 Jan 2022 23:07:05 +0900",9,https://tkor.house/data/file/wtoon/16412188380354.jpeg,jpeg
tkor.house,사업왕 심길후,2022-01-03 23:29:11,"Mon, 03 Jan 2022 23:06:34 +0900",120,https://tkor.house/data/file/wtoon/16412188070269.jpeg,jpeg
tkor.house,무역: 운명을 거스르다,2022-01-03 23:29:11,"Mon, 03 Jan 2022 23:06:08 +0900",54,https://tkor.house/data/file/wtoon/16412187838485.jpeg,jpeg
tkor.house,무역: 운명을 거스르다,2022-01-03 23:29:11,"Mon, 03 Jan 2022 23:05:36 +0900",53,https://tkor.house/data/file/wtoon/16412187505777.jpeg,jpeg
tkor.house,론의 지배자: 회귀하여 세상을 삼키다,2022-01-03 23:29:11,"Mon, 03 Jan 2022 23:05:06 +0900",78,https://tkor.house/data/file/wtoon/16412187201346.jpeg,jpeg
tkor.house,론의 지배자: 회귀하여 세상을 삼키다,2022-01-03 23:29:11,"Mon, 03 Jan 2022 23:04:29 +0900",77,https://tkor.house/data/file/wtoon/16412186855415.jpeg,jpeg
tkor.house,도둑의 별,2022-01-03 23:29:11,"Mon, 03 Jan 2022 23:04:00 +0900",3,https://tkor.house/data/file/wtoon/16412186500969.jpeg,jpeg
tkor.house,잘 자 내 꿈 꿔,2022-01-03 23:29:11,"Mon, 03 Jan 2022 23:03:31 +0900",105,https://tkor.house/data/file/wtoon/16412186231467.jpeg,jpeg
tkor.house,구독한 식탁,2022-01-03 23:29:11,"Mon, 03 Jan 2022 23:03:37 +0900",18,https://tkor.house/data/file/wtoon/16412186277028.jpeg,jpeg
tkor.house,악마의 편집,2022-01-03 23:29:11,"Mon, 03 Jan 2022 23:03:09 +0900",41,https://tkor.house/data/file/wtoon/16412185996816.jpeg,jpeg
tkor.house,신랑이 사라졌다,2022-01-03 23:29:11,"Mon, 03 Jan 2022 23:02:41 +0900",46,https://tkor.house/data/file/wtoon/16412185739216.jpeg,jpeg
tkor.house,레이디 스칼렛,2022-01-03 23:29:11,"Mon, 03 Jan 2022 23:01:54 +0900",32,https://tkor.house/data/file/wtoon/1641218536954.jpeg,jpeg
tkor.house,프로야구 생존기,2022-01-03 23:29:11,"Mon, 03 Jan 2022 23:00:26 +0900",205,https://tkor.house/data/file/wtoon/16412184371257.jpeg,jpeg
tkor.house,천존! 도시에 재림하다,2022-01-03 23:29:11,"Mon, 03 Jan 2022 22:59:33 +0900",145,https://tkor.house/data/file/wtoon/16412183929193.jpeg,jpeg
tkor.house,언포기버블,2022-01-03 23:29:11,"Mon, 03 Jan 2022 22:58:55 +0900",34,https://tkor.house/data/file/wtoon/16412183500419.jpeg,jpeg
tkor.house,리버설,2022-01-03 23:29:11,"Mon, 03 Jan 2022 22:58:24 +0900",7,https://tkor.house/data/file/wtoon/16412183125285.jpeg,jpeg
tkor.house,파멸의 공주님,2022-01-03 23:29:11,"Mon, 03 Jan 2022 22:57:03 +0900",36,https://tkor.house/data/file/wtoon/16412182443513.jpeg,jpeg
tkor.house,엑스텐,2022-01-03 23:29:11,"Mon, 03 Jan 2022 22:56:28 +0900",20,https://tkor.house/data/file/wtoon/16412182057556.jpeg,jpeg
tkor.house,스마트폰 중독자,2022-01-03 23:29:11,"Mon, 03 Jan 2022 22:55:59 +0900",50,https://tkor.house/data/file/wtoon/16412181739457.jpeg,jpeg
tkor.house,기프트,2022-01-03 23:29:11,"Mon, 03 Jan 2022 22:55:39 +0900",32,https://tkor.house/data/file/wtoon/16412181498893.jpeg,jpeg
tkor.house,주재삼계,2022-01-03 23:29:11,"Mon, 03 Jan 2022 22:54:41 +0900",108,https://tkor.house/data/file/wtoon/16412180989716.jpeg,jpeg
tkor.house,인별당,2022-01-03 23:29:11,"Mon, 03 Jan 2022 22:53:52 +0900",30,https://tkor.house/data/file/wtoon/16412180524158.jpeg,jpeg
tkor.house,악한 기사,2022-01-03 23:29:11,"Mon, 03 Jan 2022 22:53:11 +0900",99,https://tkor.house/data/file/wtoon/16412180108936.jpeg,jpeg
tkor.house,맛볼 수 없는 남자,2022-01-03 23:29:11,"Mon, 03 Jan 2022 22:52:41 +0900",36,https://tkor.house/data/file/wtoon/16412179757599.jpeg,jpeg
tkor.house,화폐개혁 마늘은행편,2022-01-03 23:29:11,"Mon, 03 Jan 2022 22:52:19 +0900",22,https://tkor.house/data/file/wtoon/16412179470992.jpeg,jpeg
tkor.house,은빛마계왕,2022-01-03 23:29:11,"Mon, 03 Jan 2022 22:51:44 +0900",69,https://tkor.house/data/file/wtoon/16412179212429.jpeg,jpeg
tkor.house,그 아가씨의 집사님,2022-01-03 23:29:11,"Mon, 03 Jan 2022 22:51:09 +0900",78,https://tkor.house/data/file/wtoon/16412178867246.jpeg,jpeg
tkor.house,개목걸이(다음),2022-01-03 23:29:11,"Mon, 03 Jan 2022 22:50:39 +0900",62,https://tkor.house/data/file/wtoon/1641217854061.jpeg,jpeg
tkor.house,전신귀환,2022-01-03 23:29:11,"Mon, 03 Jan 2022 22:49:02 +0900",125,https://tkor.house/data/file/wtoon/16412177571565.jpeg,jpeg
tkor.house,사랑하는 존재,2022-01-03 23:29:11,"Mon, 03 Jan 2022 22:48:39 +0900",79,https://tkor.house/data/file/wtoon/16412177320564.jpeg,jpeg
tkor.house,불사무적,2022-01-03 23:29:12,"Mon, 03 Jan 2022 22:47:55 +0900",204,https://tkor.house/data/file/wtoon/16412176939685.jpeg,jpeg
tkor.house,검역창궁,2022-01-03 23:29:12,"Mon, 03 Jan 2022 22:47:24 +0900",178,https://tkor.house/data/file/wtoon/16412176597998.jpeg,jpeg
tkor.house,검역창궁,2022-01-03 23:29:12,"Mon, 03 Jan 2022 22:46:55 +0900",177,https://tkor.house/data/file/wtoon/1641217630353.jpeg,jpeg
tkor.house,트리거 시즌2,2022-01-03 23:29:12,"Mon, 03 Jan 2022 22:45:38 +0900",52,https://tkor.house/data/file/wtoon/16412175630294.jpeg,jpeg
tkor.house,재앙급 사도와 12인의 신부 후보,2022-01-03 23:29:12,"Mon, 03 Jan 2022 22:44:44 +0900",99,https://tkor.house/data/file/wtoon/16412174975486.jpeg,jpeg
tkor.house,악녀의 애완동물 외전,2022-01-03 23:29:12,"Mon, 03 Jan 2022 22:44:01 +0900",11,https://tkor.house/data/file/wtoon/16412174629467.jpeg,jpeg
tkor.house,너를 만나다,2022-01-03 23:29:12,"Mon, 03 Jan 2022 22:43:33 +0900",68,https://tkor.house/data/file/wtoon/16412174252807.jpeg,jpeg
tkor.house,아이리스 - 스마트폰을 든 레이디,2022-01-03 23:29:12,"Mon, 03 Jan 2022 22:43:36 +0900",132,https://tkor.house/data/file/wtoon/16412174255134.jpeg,jpeg
tkor.house,무인이곽,2022-01-03 23:29:12,"Mon, 03 Jan 2022 22:42:59 +0900",67,https://tkor.house/data/file/wtoon/16412173984705.jpeg,jpeg
tkor.house,디어 마이 프렌드,2022-01-03 23:29:12,"Mon, 03 Jan 2022 22:42:23 +0900",27,https://tkor.house/data/file/wtoon/16412173622654.jpeg,jpeg
tkor.house,대군으로 살어리랏다,2022-01-03 23:29:12,"Mon, 03 Jan 2022 22:41:37 +0900",72,https://tkor.house/data/file/wtoon/16412173204051.jpeg,jpeg
tkor.house,절세전혼,2022-01-03 23:29:12,"Mon, 03 Jan 2022 22:39:55 +0900",71,https://tkor.house/data/file/wtoon/16412172210296.jpeg,jpeg
tkor.house,용사의 전 여친입니다,2022-01-03 23:29:12,"Mon, 03 Jan 2022 22:39:26 +0900",86,https://tkor.house/data/file/wtoon/16412171797378.jpeg,jpeg
tkor.house,나의 자리,2022-01-03 23:29:12,"Mon, 03 Jan 2022 22:38:39 +0900",35,https://tkor.house/data/file/wtoon/16412171420485.jpeg,jpeg
tkor.house,괴,2022-01-03 23:29:12,"Mon, 03 Jan 2022 22:37:57 +0900",312,https://tkor.house/data/file/wtoon/16412170979886.jpeg,jpeg
tkor.house,원존: 용의 비상,2022-01-03 23:29:12,"Mon, 03 Jan 2022 22:37:50 +0900",306,https://tkor.house/data/file/wtoon/16412170870427.jpeg,jpeg
tkor.house,빅 라이프,2022-01-03 23:29:12,"Mon, 03 Jan 2022 22:37:22 +0900",116,https://tkor.house/data/file/wtoon/16412170551843.jpeg,jpeg
tkor.house,못난이 공녀가 되었습니다,2022-01-03 23:29:12,"Mon, 03 Jan 2022 22:36:28 +0900",59,https://tkor.house/data/file/wtoon/16412170141319.jpeg,jpeg
tkor.house,나는 남주의 전 여친이었다,2022-01-03 23:29:12,"Mon, 03 Jan 2022 22:35:48 +0900",55,https://tkor.house/data/file/wtoon/16412169667495.jpeg,jpeg
tkor.house,집으로 돌려보내 주세요,2022-01-03 23:29:12,"Mon, 03 Jan 2022 22:34:32 +0900",31,https://tkor.house/data/file/wtoon/16412168831116.jpeg,jpeg
tkor.house,빅앤빅,2022-01-03 23:29:12,"Mon, 03 Jan 2022 22:33:56 +0900",31,https://tkor.house/data/file/wtoon/16412168552263.jpeg,jpeg
tkor.house,마른 가지의 라가,2022-01-03 23:29:12,"Mon, 03 Jan 2022 22:33:15 +0900",27,https://tkor.house/data/file/wtoon/16412168139229.jpeg,jpeg
tkor.house,리더(Reader)-읽는자,2022-01-03 23:29:12,"Mon, 03 Jan 2022 22:32:38 +0900",157,https://tkor.house/data/file/wtoon/16412167765507.jpeg,jpeg
tkor.house,흑막의 목줄을 놓쳐버렸다,2022-01-03 23:29:12,"Mon, 03 Jan 2022 22:32:24 +0900",30,https://tkor.house/data/file/wtoon/16412167609471.jpeg,jpeg
tkor.house,우아한 야만의 바다,2022-01-03 23:29:12,"Mon, 03 Jan 2022 22:31:55 +0900",33,https://tkor.house/data/file/wtoon/16412167299903.jpeg,jpeg
tkor.house,슈공녀,2022-01-03 23:29:12,"Mon, 03 Jan 2022 22:31:23 +0900",27,https://tkor.house/data/file/wtoon/16412166999903.jpeg,jpeg
tkor.house,던전 마제스티,2022-01-03 23:29:12,"Mon, 03 Jan 2022 22:30:48 +0900",113,https://tkor.house/data/file/wtoon/16412166661838.jpeg,jpeg
tkor.house,이세계의 지존 플레이어,2022-01-03 23:29:12,"Mon, 03 Jan 2022 22:29:00 +0900",109,https://tkor.house/data/file/wtoon/16412165543896.jpeg,jpeg
tkor.house,우리집이거든요!,2022-01-03 23:29:12,"Mon, 03 Jan 2022 22:28:35 +0900",131,https://tkor.house/data/file/wtoon/16412165270384.jpeg,jpeg
tkor.house,악녀는 두 번 산다,2022-01-03 23:29:12,"Mon, 03 Jan 2022 22:27:50 +0900",97,https://tkor.house/data/file/wtoon/16412164899736.jpeg,jpeg
tkor.house,더 이상 사랑하지 않는다,2022-01-03 23:29:12,"Mon, 03 Jan 2022 22:27:13 +0900",55,https://tkor.house/data/file/wtoon/16412164495248.jpeg,jpeg
tkor.house,에스티오,2022-01-03 23:29:12,"Mon, 03 Jan 2022 22:26:58 +0900",20,https://tkor.house/data/file/wtoon/16412164328137.jpeg,jpeg
tkor.house,빈껍데기 공작부인,2022-01-03 23:29:12,"Mon, 03 Jan 2022 22:26:18 +0900",96,https://tkor.house/data/file/wtoon/16412163966009.jpeg,jpeg
tkor.house,미성년,2022-01-03 23:29:12,"Mon, 03 Jan 2022 22:25:35 +0900",64,https://tkor.house/data/file/wtoon/16412163522021.jpeg,jpeg
tkor.house,"그것들, 내 인생에서 삭제합니다",2022-01-03 23:29:12,"Mon, 03 Jan 2022 22:24:55 +0900",33,https://tkor.house/data/file/wtoon/16412163140325.jpeg,jpeg
tkor.house,지옥사원,2022-01-03 23:29:12,"Mon, 03 Jan 2022 22:23:45 +0900",211,https://tkor.house/data/file/wtoon/16412162359756.jpeg,jpeg
tkor.house,로열 셰프 영애님,2022-01-03 23:29:12,"Mon, 03 Jan 2022 22:23:04 +0900",52,https://tkor.house/data/file/wtoon/16412162004061.jpeg,jpeg
tkor.house,남주의 엄마가 되어버렸다,2022-01-03 23:29:12,"Mon, 03 Jan 2022 22:22:24 +0900",49,https://tkor.house/data/file/wtoon/16412161639559.jpeg,jpeg
tkor.house,갇혀있다,2022-01-03 23:29:12,"Mon, 03 Jan 2022 22:21:33 +0900",25,https://tkor.house/data/file/wtoon/164121610849.jpeg,jpeg
tkor.house,학사귀환,2022-01-03 23:29:12,"Mon, 03 Jan 2022 22:21:16 +0900",94,https://tkor.house/data/file/wtoon/16412160966839.jpeg,jpeg
tkor.house,엔젤릭 레이디,2022-01-03 23:29:12,"Mon, 03 Jan 2022 22:20:37 +0900",69,https://tkor.house/data/file/wtoon/16412160574062.jpeg,jpeg
